,ID,Position,League,Name,Team,App,Mins,Assists,Shots,shotsOnTarget,Goals,xG,npxG,xA,Tackles,Clearances,Interceptions,aerialsWon,Blocks,duelsWon,Passes,accuratePasses,longBalls,Crosses,bigChancesCreated,keyPasses,Saves,goalsPer90,assistsPer90,g+a,g+aPer90,shotsPer90,shotsOnTargetPer90,duelsWonPer90,passesPer90,accuratePassesPer90,longBallsPer90,crossesPer90,bigChancesCreatedPer90,keyPassesPer90,tacklesPer90,clearancesPer90,interceptionsPer90,aerialsWonPer90,blocksPer90,savesPer90,xgPer90,npxgPer90,xaPer90
0,170,Defender,Bundesliga,K. Vogt,VfL Bochum 1848,22,1280,0,1.0,1,1,0.79,0.0,0.24,10,66,8,12,0,32,809,710,120,0,0,2,0.0,0.07,0.0,1,0.07,0.07,0.07,2.25,56.88,49.92,8.44,0.0,0.0,0.14,0.7,4.64,0.56,0.84,0.0,0.0,0.06,0.0,0.02
1,171,Defender,Bundesliga,D. da Costa,1. FSV Mainz 05,32,2011,1,5.0,1,0,0.1,0.1,1.26,42,94,27,33,2,87,1142,905,204,22,1,10,0.0,0.0,0.04,1,0.04,0.22,0.04,3.89,51.11,40.5,9.13,0.98,0.04,0.45,1.88,4.21,1.21,1.48,0.09,0.0,0.0,0.0,0.06
2,172,Defender,Bundesliga,A. Jung,SC Freiburg,33,1905,0,1.0,0,0,0.04,0.04,0.45,33,74,25,34,0,89,1492,1339,108,4,0,2,0.0,0.0,0.0,0,0.0,0.05,0.0,4.2,70.49,63.26,5.1,0.19,0.0,0.09,1.56,3.5,1.18,1.61,0.0,0.0,0.0,0.0,0.02
3,173,Defender,Bundesliga,S. Bell,1. FSV Mainz 05,23,1438,1,12.0,4,0,0.77,0.77,0.65,22,107,28,84,3,117,713,564,135,0,1,5,0.0,0.0,0.06,1,0.06,0.75,0.25,7.32,44.62,35.3,8.45,0.0,0.06,0.31,1.38,6.7,1.75,5.26,0.19,0.0,0.05,0.05,0.04
4,174,Defender,Bundesliga,C. Gamboa,VfL Bochum 1848,30,230,0,4.0,1,1,0.16,0.16,0.34,8,8,2,0,1,11,99,62,24,7,0,3,0.0,0.39,0.0,1,0.39,1.57,0.39,4.3,38.74,24.26,9.39,2.74,0.0,1.17,3.13,3.13,0.78,0.0,0.39,0.0,0.06,0.06,0.13
5,175,Defender,Bundesliga,W. Orbán,RB Leipzig,26,2224,0,22.0,7,5,4.0,4.0,0.66,38,167,21,104,3,159,1732,1525,148,5,1,8,0.0,0.2,0.0,5,0.2,0.89,0.28,6.43,70.09,61.71,5.99,0.2,0.04,0.32,1.54,6.76,0.85,4.21,0.12,0.0,0.16,0.16,0.03
6,176,Defender,Bundesliga,C. Günter,SC Freiburg,34,2323,2,21.0,6,2,0.78,0.78,4.19,23,45,8,7,6,37,824,648,93,121,5,28,0.0,0.08,0.08,4,0.15,0.81,0.23,1.43,31.92,25.11,3.6,4.69,0.19,1.08,0.89,1.74,0.31,0.27,0.23,0.0,0.03,0.03,0.16
7,177,Defender,Bundesliga,M. Ginter,SC Freiburg,33,2565,1,24.0,4,2,2.81,2.81,1.49,30,140,19,98,4,158,1496,1249,213,13,2,9,0.0,0.07,0.04,3,0.11,0.84,0.14,5.54,52.49,43.82,7.47,0.46,0.07,0.32,1.05,4.91,0.67,3.44,0.14,0.0,0.1,0.1,0.05
8,178,Defender,Bundesliga,L. Kübler,SC Freiburg,31,1849,1,18.0,11,5,2.73,2.73,1.05,40,58,53,44,2,105,838,664,90,30,1,11,0.0,0.24,0.05,6,0.29,0.88,0.54,5.11,40.79,32.32,4.38,1.46,0.05,0.54,1.95,2.82,2.58,2.14,0.1,0.0,0.13,0.13,0.05
9,179,Defender,Bundesliga,J. Gouweleeuw,FC Augsburg,33,2945,4,18.0,5,1,1.71,0.93,2.93,50,183,35,63,2,132,1671,1397,271,17,4,14,0.0,0.03,0.12,5,0.15,0.55,0.15,4.03,51.07,42.69,8.28,0.52,0.12,0.43,1.53,5.59,1.07,1.93,0.06,0.0,0.05,0.03,0.09
10,180,Defender,Bundesliga,D. Kohr,1. FSV Mainz 05,28,2303,0,13.0,5,2,1.58,1.82,1.68,62,121,42,39,1,141,1310,1077,215,16,0,12,0.0,0.08,0.0,2,0.08,0.51,0.2,5.51,51.19,42.09,8.4,0.63,0.0,0.47,2.42,4.73,1.64,1.52,0.04,0.0,0.06,0.07,0.07
11,181,Defender,Bundesliga,N. Süle,Borussia Dortmund,21,1059,0,9.0,2,0,0.63,0.63,0.35,14,45,4,12,2,31,927,862,60,1,0,3,0.0,0.0,0.0,0,0.0,0.76,0.17,2.63,78.78,73.26,5.1,0.08,0.0,0.25,1.19,3.82,0.34,1.02,0.17,0.0,0.05,0.05,0.03
12,182,Defender,Bundesliga,K. Akpoguma,TSG Hoffenheim,34,2221,0,5.0,1,0,0.1,0.1,0.6,54,108,29,48,2,133,1339,1181,142,12,0,7,0.0,0.0,0.0,0,0.0,0.2,0.04,5.39,54.26,47.86,5.75,0.49,0.0,0.28,2.19,4.38,1.18,1.95,0.08,0.0,0.0,0.0,0.02
13,183,Defender,Bundesliga,J. Tah,FC Bayern München,33,2970,0,24.0,7,3,1.12,1.12,1.84,19,155,36,77,8,104,2295,2137,143,6,1,5,0.0,0.09,0.0,3,0.09,0.73,0.21,3.15,69.55,64.76,4.33,0.18,0.03,0.15,0.58,4.7,1.09,2.33,0.24,0.0,0.03,0.03,0.06
14,184,Defender,Bundesliga,R. Guerreiro,FC Bayern München,32,1581,3,21.0,11,4,2.86,2.86,4.74,19,18,10,8,4,44,1231,1108,24,27,9,27,0.0,0.23,0.17,7,0.4,1.2,0.63,2.5,70.08,63.07,1.37,1.54,0.51,1.54,1.08,1.02,0.57,0.46,0.23,0.0,0.16,0.16,0.27
15,185,Defender,Bundesliga,M. Wittek,VfL Bochum 1848,32,2641,0,41.0,7,0,1.35,1.35,6.11,61,75,27,24,13,130,1054,782,151,162,8,47,0.0,0.0,0.0,0,0.0,1.4,0.24,4.43,35.92,26.65,5.15,5.52,0.27,1.6,2.08,2.56,0.92,0.82,0.44,0.0,0.05,0.05,0.21
16,186,Defender,Bundesliga,M. Friedrich,Borussia M'gladbach,31,991,1,7.0,2,0,0.45,0.45,0.44,15,57,5,34,0,55,704,623,69,0,2,3,0.0,0.0,0.09,1,0.09,0.64,0.18,4.99,63.94,56.58,6.27,0.0,0.18,0.27,1.36,5.18,0.45,3.09,0.0,0.0,0.04,0.04,0.04
17,187,Defender,Bundesliga,N. Elvedi,Borussia M'gladbach,27,2136,1,12.0,4,1,2.04,2.17,0.31,38,159,30,52,1,98,1517,1399,82,1,1,5,0.0,0.04,0.04,2,0.08,0.51,0.17,4.13,63.92,58.95,3.46,0.04,0.04,0.21,1.6,6.7,1.26,2.19,0.04,0.0,0.09,0.09,0.01
18,188,Defender,Bundesliga,D. Vavro,VfL Wolfsburg,31,2462,0,25.0,7,2,1.36,1.37,0.53,21,231,36,81,6,109,1474,1290,253,8,0,7,0.0,0.07,0.0,2,0.07,0.91,0.26,3.98,53.88,47.16,9.25,0.29,0.0,0.26,0.77,8.44,1.32,2.96,0.22,0.0,0.05,0.05,0.02
19,189,Defender,Bundesliga,L. Klostermann,RB Leipzig,31,1837,0,4.0,2,1,0.34,0.34,0.64,27,138,24,21,1,58,1171,1049,84,11,0,2,0.0,0.05,0.0,1,0.05,0.2,0.1,2.84,57.37,51.39,4.12,0.54,0.0,0.1,1.32,6.76,1.18,1.03,0.05,0.0,0.02,0.02,0.03
20,190,Defender,Bundesliga,B. Henrichs,RB Leipzig,15,940,2,11.0,1,0,0.47,0.47,2.03,32,27,15,9,5,58,399,306,45,19,4,11,0.0,0.0,0.19,2,0.19,1.05,0.1,5.55,38.2,29.3,4.31,1.82,0.38,1.05,3.06,2.59,1.44,0.86,0.48,0.0,0.05,0.05,0.19
21,191,Defender,Bundesliga,P. Stenzel,VfB Stuttgart,31,300,0,8.0,2,0,0.33,0.33,0.62,3,6,2,3,4,8,171,152,22,25,0,5,0.0,0.0,0.0,0,0.0,2.4,0.6,2.4,51.3,45.6,6.6,7.5,0.0,1.5,0.9,1.8,0.6,0.9,1.2,0.0,0.1,0.1,0.19
22,192,Defender,Bundesliga,K. Laimer,FC Bayern München,33,1704,2,18.0,6,2,2.11,2.11,3.14,49,20,8,15,4,93,1099,976,19,21,3,20,0.0,0.11,0.11,4,0.21,0.95,0.32,4.91,58.05,51.55,1.0,1.11,0.16,1.06,2.59,1.06,0.42,0.79,0.21,0.0,0.11,0.11,0.17
23,193,Defender,Bundesliga,R. Gosens,1. FC Union Berlin,1,90,0,1.0,0,0,0.02,0.02,0.06,0,1,1,7,0,7,31,18,2,1,1,1,0.0,0.0,0.0,0,0.0,1.0,0.0,7.0,31.0,18.0,2.0,1.0,1.0,1.0,0.0,1.0,1.0,7.0,0.0,0.0,0.02,0.02,0.06
24,194,Defender,Bundesliga,P. Lienhart,SC Freiburg,32,2771,0,8.0,1,1,0.46,0.46,0.93,22,119,36,57,1,102,2188,1916,264,9,1,7,0.0,0.03,0.0,1,0.03,0.26,0.03,3.31,71.06,62.23,8.57,0.29,0.03,0.23,0.71,3.87,1.17,1.85,0.03,0.0,0.02,0.02,0.03
25,195,Defender,Bundesliga,R. Bensebaini,Borussia Dortmund,31,2035,6,20.0,2,1,1.27,1.27,2.29,51,79,33,41,11,121,1308,1142,105,36,6,15,0.0,0.04,0.27,7,0.31,0.88,0.09,5.35,57.85,50.51,4.64,1.59,0.27,0.66,2.26,3.49,1.46,1.81,0.49,0.0,0.06,0.06,0.1
26,196,Defender,Bundesliga,R. Koch,Eintracht Frankfurt,30,2589,0,15.0,6,3,1.74,1.74,0.44,24,194,25,107,5,140,1793,1628,155,1,0,7,0.0,0.1,0.0,3,0.1,0.52,0.21,4.87,62.33,56.59,5.39,0.03,0.0,0.24,0.83,6.74,0.87,3.72,0.17,0.0,0.06,0.06,0.02
27,197,Defender,Bundesliga,M. Mittelstädt,VfB Stuttgart,32,2475,7,21.0,4,1,0.88,0.88,7.04,79,91,46,25,5,162,1639,1432,126,164,10,48,0.0,0.04,0.25,8,0.29,0.76,0.15,5.89,59.6,52.07,4.58,5.96,0.36,1.75,2.87,3.31,1.67,0.91,0.18,0.0,0.03,0.03,0.26
28,198,Defender,Bundesliga,N. Loosli,VfL Bochum 1848,7,0,0,0.0,0,0,0.0,0.0,0.0,0,0,0,0,0,0,0,0,0,0,0,0,0.0,0.0,0.0,0,0.0,0.0,0.0,0.0,0.0,0.0,0.0,0.0,0.0,0.0,0.0,0.0,0.0,0.0,0.0,0.0,0.0,0.0,0.0
29,199,Defender,Bundesliga,J. Juranović,1. FC Union Berlin,18,1168,0,6.0,2,0,0.29,0.29,2.71,21,36,7,4,0,42,386,276,67,78,3,27,0.0,0.0,0.0,0,0.0,0.46,0.15,3.24,29.74,21.27,5.16,6.01,0.23,2.08,1.62,2.77,0.54,0.31,0.0,0.0,0.02,0.02,0.21
30,200,Defender,Bundesliga,A. Hanche-Olsen,1. FSV Mainz 05,28,1279,1,12.0,2,1,0.83,0.81,0.59,21,85,12,50,4,80,621,518,83,1,1,3,0.0,0.07,0.07,2,0.14,0.84,0.14,5.63,43.7,36.45,5.84,0.07,0.07,0.21,1.48,5.98,0.84,3.52,0.28,0.0,0.06,0.06,0.04
31,201,Defender,Bundesliga,D. Upamecano,FC Bayern München,22,1761,0,13.0,6,2,1.21,1.21,1.2,36,45,34,60,2,109,1908,1795,101,6,1,7,0.0,0.1,0.0,2,0.1,0.66,0.31,5.57,97.51,91.74,5.16,0.31,0.05,0.36,1.84,2.3,1.74,3.07,0.1,0.0,0.06,0.06,0.06
32,202,Defender,Bundesliga,C. Zesiger,VfL Wolfsburg,31,1748,2,12.0,3,0,1.26,1.26,1.23,26,121,24,30,3,72,776,620,121,16,5,8,0.0,0.0,0.1,2,0.1,0.62,0.15,3.71,39.95,31.92,6.23,0.82,0.26,0.41,1.34,6.23,1.24,1.54,0.15,0.0,0.06,0.06,0.06
33,203,Defender,Bundesliga,W. Anton,Borussia Dortmund,29,1947,2,19.0,3,2,1.65,1.66,1.8,34,110,30,46,8,120,1780,1628,133,24,2,6,0.0,0.09,0.09,4,0.18,0.88,0.14,5.55,82.28,75.25,6.15,1.11,0.09,0.28,1.57,5.08,1.39,2.13,0.37,0.0,0.08,0.08,0.08
34,204,Defender,Bundesliga,J. Ryerson,Borussia Dortmund,29,2270,3,18.0,5,2,0.74,0.74,4.8,46,25,22,11,7,115,1169,1046,68,110,8,37,0.0,0.08,0.12,5,0.2,0.71,0.2,4.56,46.35,41.47,2.7,4.36,0.32,1.47,1.82,0.99,0.87,0.44,0.28,0.0,0.03,0.03,0.19
35,205,Defender,Bundesliga,M. Pedersen,FC Augsburg,11,231,0,2.0,0,0,0.07,0.07,0.15,8,6,2,1,1,12,63,51,6,5,0,0,0.0,0.0,0.0,0,0.0,0.78,0.0,4.68,24.55,19.87,2.34,1.95,0.0,0.0,3.12,2.34,0.78,0.39,0.39,0.0,0.03,0.03,0.06
36,206,Defender,Bundesliga,D. Zagadou,VfB Stuttgart,3,31,0,0.0,0,0,0.0,0.0,0.0,0,1,1,0,0,0,9,9,0,0,0,0,0.0,0.0,0.0,0,0.0,0.0,0.0,0.0,26.13,26.13,0.0,0.0,0.0,0.0,0.0,2.9,2.9,0.0,0.0,0.0,0.0,0.0,0.0
37,207,Defender,Bundesliga,Bernardo,TSG Hoffenheim,20,1691,0,7.0,1,0,0.66,0.64,1.65,46,99,25,89,2,148,926,691,204,14,0,5,0.0,0.0,0.0,0,0.0,0.37,0.05,7.88,49.28,36.78,10.86,0.75,0.0,0.27,2.45,5.27,1.33,4.74,0.11,0.0,0.04,0.03,0.09
38,208,Defender,Bundesliga,D. Doekhi,1. FC Union Berlin,33,2970,0,29.0,4,1,2.37,2.37,0.75,35,161,43,87,8,136,1169,921,189,9,3,11,0.0,0.03,0.0,1,0.03,0.88,0.12,4.12,35.42,27.91,5.73,0.27,0.09,0.33,1.06,4.88,1.3,2.64,0.24,0.0,0.07,0.07,0.02
39,209,Defender,Bundesliga,E. Mašović,VfL Bochum 1848,29,913,1,7.0,4,1,0.65,0.63,0.45,14,54,12,22,0,40,419,349,59,0,2,3,0.0,0.1,0.1,2,0.2,0.69,0.39,3.94,41.3,34.4,5.82,0.0,0.2,0.3,1.38,5.32,1.18,2.17,0.0,0.0,0.06,0.06,0.04
40,210,Defender,Bundesliga,J. Beste,SC Freiburg,13,210,1,6.0,2,0,0.9,0.9,0.47,2,6,1,2,3,11,71,61,3,20,1,3,0.0,0.0,0.43,1,0.43,2.57,0.86,4.71,30.43,26.14,1.29,8.57,0.43,1.29,0.86,2.57,0.43,0.86,1.29,0.0,0.38,0.38,0.2
41,211,Defender,Bundesliga,J. Mæhle,VfL Wolfsburg,28,2190,4,18.0,7,3,2.03,2.03,3.06,34,49,25,17,3,86,1002,817,79,25,2,20,0.0,0.12,0.16,7,0.29,0.74,0.29,3.53,41.18,33.58,3.25,1.03,0.08,0.82,1.4,2.01,1.03,0.7,0.12,0.0,0.08,0.08,0.13
42,212,Defender,Bundesliga,M. Leitsch,1. FSV Mainz 05,28,677,0,6.0,1,1,1.2,1.2,0.17,12,41,10,19,1,35,352,280,42,3,0,2,0.0,0.13,0.0,1,0.13,0.8,0.13,4.65,46.79,37.22,5.58,0.4,0.0,0.27,1.6,5.45,1.33,2.53,0.13,0.0,0.16,0.16,0.02
43,213,Defender,Bundesliga,A. Davies,FC Bayern München,21,1561,2,17.0,3,1,1.24,1.24,2.24,30,21,13,9,8,96,1142,1040,18,22,2,27,0.0,0.06,0.12,3,0.17,0.98,0.17,5.53,65.84,59.96,1.04,1.27,0.12,1.56,1.73,1.21,0.75,0.52,0.46,0.0,0.07,0.07,0.13
44,214,Defender,Bundesliga,D. Leite,1. FC Union Berlin,29,2458,2,17.0,8,1,1.31,1.31,2.27,61,152,55,76,3,182,1270,996,228,7,2,12,0.0,0.04,0.07,3,0.11,0.62,0.29,6.66,46.5,36.47,8.35,0.26,0.07,0.44,2.23,5.57,2.01,2.78,0.11,0.0,0.05,0.05,0.08
45,215,Defender,Bundesliga,D. Raum,RB Leipzig,24,1788,5,9.0,4,1,0.49,0.5,7.41,38,42,9,13,3,72,841,661,88,188,8,49,0.0,0.05,0.25,6,0.3,0.45,0.2,3.62,42.33,33.27,4.43,9.46,0.4,2.47,1.91,2.11,0.45,0.65,0.15,0.0,0.02,0.02,0.37
46,216,Defender,Bundesliga,P. Jaeckel,1. FC Union Berlin,1,0,0,0.0,0,0,0.0,0.0,0.0,0,0,0,0,0,0,0,0,0,0,0,0,0.0,0.0,0.0,0,0.0,0.0,0.0,0.0,0.0,0.0,0.0,0.0,0.0,0.0,0.0,0.0,0.0,0.0,0.0,0.0,0.0,0.0,0.0
47,217,Defender,Bundesliga,J. Chabot,VfB Stuttgart,31,2280,1,19.0,4,3,2.0,2.0,0.79,37,134,38,81,3,146,1939,1746,194,2,1,6,0.0,0.12,0.04,4,0.16,0.75,0.16,5.76,76.54,68.92,7.66,0.08,0.04,0.24,1.46,5.29,1.5,3.2,0.12,0.0,0.08,0.08,0.03
48,218,Defender,Bundesliga,H. Ito,FC Bayern München,6,257,0,1.0,1,1,0.36,0.36,0.55,2,12,6,5,0,11,193,167,14,2,1,4,0.0,0.35,0.0,1,0.35,0.35,0.35,3.85,67.59,58.48,4.9,0.7,0.35,1.4,0.7,4.2,2.1,1.75,0.0,0.0,0.12,0.13,0.19
49,219,Defender,Bundesliga,Y. Keitel,FC Augsburg,29,277,0,5.0,2,0,0.53,0.52,0.13,9,6,4,4,1,20,188,156,18,2,0,1,0.0,0.0,0.0,0,0.0,1.62,0.65,6.5,61.08,50.69,5.85,0.65,0.0,0.32,2.92,1.95,1.3,1.3,0.32,0.0,0.17,0.17,0.04
50,220,Defender,Bundesliga,E. Tapsoba,Bayer 04 Leverkusen,31,2511,0,21.0,2,0,1.14,1.14,1.31,39,86,24,54,6,110,1896,1651,198,8,0,4,0.0,0.0,0.0,0,0.0,0.75,0.07,3.94,67.96,59.18,7.1,0.29,0.0,0.14,1.4,3.08,0.86,1.94,0.22,0.0,0.04,0.04,0.05
51,221,Defender,Bundesliga,D. Köhn,1. FC Union Berlin,31,1360,2,13.0,4,2,0.76,0.75,2.0,20,21,10,9,6,62,560,468,30,58,2,16,0.0,0.13,0.13,4,0.26,0.86,0.26,4.1,37.06,30.97,1.99,3.84,0.13,1.06,1.32,1.39,0.66,0.6,0.4,0.0,0.05,0.05,0.13
52,222,Defender,Bundesliga,K. Schlotterbeck,FC Augsburg,28,1298,1,12.0,5,3,0.77,0.77,0.48,19,69,15,40,1,73,674,573,95,3,1,7,0.0,0.21,0.07,4,0.28,0.83,0.35,5.06,46.73,39.73,6.59,0.21,0.07,0.49,1.32,4.78,1.04,2.77,0.07,0.0,0.05,0.05,0.03
53,223,Defender,Bundesliga,M. Kim,FC Bayern München,30,2289,0,7.0,5,2,1.64,1.64,0.91,35,87,37,82,1,124,2524,2337,127,0,0,6,0.0,0.08,0.0,2,0.08,0.28,0.2,4.88,99.24,91.89,4.99,0.0,0.0,0.24,1.38,3.42,1.45,3.22,0.04,0.0,0.06,0.06,0.04
54,224,Defender,Bundesliga,S. N'Soki,1. FC Union Berlin,30,1324,0,3.0,1,0,0.1,0.1,0.42,22,52,26,22,0,61,812,703,76,1,0,7,0.0,0.0,0.0,0,0.0,0.2,0.07,4.15,55.2,47.79,5.17,0.07,0.0,0.48,1.5,3.53,1.77,1.5,0.0,0.0,0.01,0.01,0.03
55,225,Defender,Bundesliga,J. Vagnoman,VfB Stuttgart,28,1835,1,15.0,7,1,1.47,1.47,2.18,26,51,14,23,2,76,749,617,50,43,4,22,0.0,0.05,0.05,2,0.1,0.74,0.34,3.73,36.74,30.26,2.45,2.11,0.2,1.08,1.28,2.5,0.69,1.13,0.1,0.0,0.07,0.07,0.11
56,226,Defender,Bundesliga,R. Hendriks,VfB Stuttgart,33,1166,1,5.0,1,0,0.43,0.55,1.52,20,58,19,30,3,68,615,536,48,12,2,6,0.0,0.0,0.08,1,0.08,0.39,0.08,5.25,47.47,41.37,3.7,0.93,0.15,0.46,1.54,4.48,1.47,2.32,0.23,0.0,0.03,0.04,0.12
57,227,Defender,Bundesliga,M. Jenz,VfL Wolfsburg,23,1606,0,10.0,5,0,1.55,1.55,0.35,36,125,30,75,0,118,843,711,94,0,1,3,0.0,0.0,0.0,0,0.0,0.56,0.28,6.61,47.24,39.84,5.27,0.0,0.06,0.17,2.02,7.0,1.68,4.2,0.0,0.0,0.09,0.09,0.02
58,228,Defender,Bundesliga,R. Kristensen,Eintracht Frankfurt,30,2515,3,24.0,8,5,2.5,2.5,4.84,59,89,20,44,8,137,1358,1077,131,59,6,22,0.0,0.18,0.11,8,0.29,0.86,0.29,4.9,48.6,38.54,4.69,2.11,0.21,0.79,2.11,3.18,0.72,1.57,0.29,0.0,0.09,0.09,0.17
59,229,Defender,Bundesliga,J. Stanišić,FC Bayern München,16,885,2,2.0,0,0,0.26,0.26,1.36,13,28,6,11,0,33,729,673,46,11,4,14,0.0,0.0,0.2,2,0.2,0.2,0.0,3.36,74.14,68.44,4.68,1.12,0.41,1.42,1.32,2.85,0.61,1.12,0.0,0.0,0.03,0.03,0.14
60,230,Defender,Bundesliga,M. Bauer,Arminia Bielefeld,18,656,0,1.0,1,0,0.18,0.18,0.11,14,35,6,21,0,46,331,271,47,4,0,2,0.0,0.0,0.0,0,0.0,0.14,0.14,6.31,45.41,37.18,6.45,0.55,0.0,0.27,1.92,4.8,0.82,2.88,0.0,0.0,0.02,0.02,0.02
61,231,Defender,Bundesliga,N. Schlotterbeck,Borussia Dortmund,23,1984,4,17.0,4,0,1.33,1.33,2.08,38,78,22,53,5,123,2034,1823,218,14,5,18,0.0,0.0,0.18,4,0.18,0.77,0.18,5.58,92.27,82.7,9.89,0.64,0.23,0.82,1.72,3.54,1.0,2.4,0.23,0.0,0.06,0.06,0.09
62,232,Defender,Bundesliga,V. Gendrey,TSG Hoffenheim,24,1416,1,10.0,5,1,1.1,1.1,2.67,30,48,15,26,1,86,471,358,38,51,2,17,0.0,0.06,0.06,2,0.13,0.64,0.32,5.47,29.94,22.75,2.42,3.24,0.13,1.08,1.91,3.05,0.95,1.65,0.06,0.0,0.07,0.07,0.17
63,233,Defender,Bundesliga,M. Simakan,RB Leipzig,1,55,0,0.0,0,0,0.0,0.0,0.23,0,0,2,3,0,4,43,35,1,1,1,3,0.0,0.0,0.0,0,0.0,0.0,0.0,6.55,70.36,57.27,1.64,1.64,1.64,4.91,0.0,0.0,3.27,4.91,0.0,0.0,0.0,0.0,0.38
64,234,Defender,Bundesliga,R. Hranáč,TSG Hoffenheim,19,219,0,0.0,0,0,0.0,0.0,0.02,0,9,5,5,0,5,147,127,13,0,0,0,0.0,0.0,0.0,0,0.0,0.0,0.0,2.05,60.41,52.19,5.34,0.0,0.0,0.0,0.0,3.7,2.05,2.05,0.0,0.0,0.0,0.0,0.01
65,235,Defender,Bundesliga,A. Al-Dakhil,VfB Stuttgart,14,436,0,1.0,0,0,0.06,0.06,0.1,6,28,9,9,0,19,337,311,23,0,0,2,0.0,0.0,0.0,0,0.0,0.21,0.0,3.92,69.56,64.2,4.75,0.0,0.0,0.41,1.24,5.78,1.86,1.86,0.0,0.0,0.01,0.01,0.02
66,236,Defender,Bundesliga,A. Theate,Eintracht Frankfurt,31,2709,0,36.0,9,0,2.4,2.4,1.47,36,165,39,54,6,123,1735,1465,227,26,3,14,0.0,0.0,0.0,0,0.0,1.2,0.3,4.09,57.64,48.67,7.54,0.86,0.1,0.47,1.2,5.48,1.3,1.79,0.2,0.0,0.08,0.08,0.05
67,237,Defender,Bundesliga,C. Lukeba,RB Leipzig,24,1577,0,4.0,1,0,0.4,0.4,0.54,31,68,17,26,0,92,1171,1013,84,11,0,4,0.0,0.0,0.0,0,0.0,0.23,0.06,5.25,66.83,57.81,4.79,0.63,0.0,0.23,1.77,3.88,0.97,1.48,0.0,0.0,0.02,0.02,0.03
68,238,Defender,Bundesliga,D. Deger,FC Augsburg,1,0,0,0.0,0,0,0.0,0.0,0.0,0,0,0,0,0,0,0,0,0,0,0,0,0.0,0.0,0.0,0,0.0,0.0,0.0,0.0,0.0,0.0,0.0,0.0,0.0,0.0,0.0,0.0,0.0,0.0,0.0,0.0,0.0,0.0,0.0
69,239,Defender,Bundesliga,K. Fischer,VfL Wolfsburg,32,2306,0,6.0,1,1,0.33,0.33,0.94,64,90,19,22,3,101,963,785,96,39,0,12,0.0,0.04,0.0,1,0.04,0.23,0.04,3.94,37.58,30.64,3.75,1.52,0.0,0.47,2.5,3.51,0.74,0.86,0.12,0.0,0.01,0.01,0.04
70,240,Defender,Bundesliga,A. Amenda,Eintracht Frankfurt,24,121,0,0.0,0,0,0.0,0.0,0.34,1,11,2,8,0,12,68,57,9,0,1,1,0.0,0.0,0.0,0,0.0,0.0,0.0,8.93,50.58,42.4,6.69,0.0,0.74,0.74,0.74,8.18,1.49,5.95,0.0,0.0,0.0,0.0,0.25
71,241,Defender,Bundesliga,J. Scally,Borussia M'gladbach,33,2586,0,6.0,1,0,0.38,0.38,1.29,45,81,16,24,3,148,1269,1075,117,50,2,11,0.0,0.0,0.0,0,0.0,0.21,0.03,5.15,44.16,37.41,4.07,1.74,0.07,0.38,1.57,2.82,0.56,0.84,0.1,0.0,0.01,0.01,0.04
72,242,Defender,Bundesliga,E. Chadaille Bitshiabu,RB Leipzig,28,1130,0,5.0,3,0,0.28,0.28,0.59,27,94,13,22,0,53,853,728,100,4,0,5,0.0,0.0,0.0,0,0.0,0.4,0.24,4.22,67.94,57.98,7.96,0.32,0.0,0.4,2.15,7.49,1.04,1.75,0.0,0.0,0.02,0.02,0.05
73,243,Defender,Bundesliga,N. Collins,Eintracht Frankfurt,31,1489,1,5.0,2,1,0.79,0.79,1.23,33,69,16,13,0,80,810,717,55,17,1,2,0.0,0.06,0.06,2,0.12,0.3,0.12,4.84,48.96,43.34,3.32,1.03,0.06,0.12,1.99,4.17,0.97,0.79,0.0,0.0,0.05,0.05,0.07
74,244,Defender,Bundesliga,K. Schmidt,SC Freiburg,1,0,0,0.0,0,0,0.0,0.0,0.0,0,0,0,0,0,0,0,0,0,0,0,0,0.0,0.0,0.0,0,0.0,0.0,0.0,0.0,0.0,0.0,0.0,0.0,0.0,0.0,0.0,0.0,0.0,0.0,0.0,0.0,0.0,0.0,0.0
75,245,Defender,Bundesliga,L. Ullrich,Borussia M'gladbach,29,1916,2,8.0,2,1,0.87,0.88,1.9,25,65,23,14,2,64,671,521,93,47,3,8,0.0,0.05,0.09,3,0.14,0.38,0.09,3.01,31.52,24.47,4.37,2.21,0.14,0.38,1.17,3.05,1.08,0.66,0.09,0.0,0.04,0.04,0.09
76,246,Defender,Bundesliga,L. Querfeld,1. FC Union Berlin,32,1750,2,16.0,4,2,1.14,1.14,1.23,25,139,19,67,5,106,796,648,171,0,2,10,0.0,0.1,0.1,4,0.21,0.82,0.21,5.45,40.94,33.33,8.79,0.0,0.1,0.51,1.29,7.15,0.98,3.45,0.26,0.0,0.06,0.06,0.06
77,247,Defender,Bundesliga,NKN. König,SpVgg Greuther Fürth,1,0,0,0.0,0,0,0.0,0.0,0.0,0,0,0,0,0,0,0,0,0,0,0,0,0.0,0.0,0.0,0,0.0,0.0,0.0,0.0,0.0,0.0,0.0,0.0,0.0,0.0,0.0,0.0,0.0,0.0,0.0,0.0,0.0,0.0,0.0
78,248,Defender,Bundesliga,A. Chaves,FC Augsburg,28,2191,0,10.0,2,1,0.81,0.81,0.35,51,131,37,70,3,140,1152,955,132,8,0,5,0.0,0.04,0.0,1,0.04,0.41,0.08,5.75,47.32,39.23,5.42,0.33,0.0,0.21,2.09,5.38,1.52,2.88,0.12,0.0,0.03,0.03,0.01
79,249,Defender,Bundesliga,L. Jaquez,VfB Stuttgart,11,253,0,1.0,0,0,0.21,0.21,0.08,3,4,3,4,1,7,210,193,19,1,0,0,0.0,0.0,0.0,0,0.0,0.36,0.0,2.49,74.7,68.66,6.76,0.36,0.0,0.0,1.07,1.42,1.07,1.42,0.36,0.0,0.08,0.08,0.03
80,250,Defender,Bundesliga,F. Chiarodia,Borussia M'gladbach,33,385,0,4.0,1,1,0.3,0.3,0.35,10,51,9,7,0,17,200,168,20,0,1,1,0.0,0.23,0.0,1,0.23,0.94,0.23,3.97,46.75,39.27,4.68,0.0,0.23,0.23,2.34,11.92,2.1,1.64,0.0,0.0,0.07,0.07,0.08
81,251,Defender,Bundesliga,M. Rosenfelder,SC Freiburg,27,1243,0,5.0,1,1,0.39,0.39,0.21,27,63,7,12,2,67,634,554,41,9,2,5,0.0,0.07,0.0,1,0.07,0.36,0.07,4.85,45.91,40.11,2.97,0.65,0.14,0.36,1.95,4.56,0.51,0.87,0.14,0.0,0.03,0.03,0.02
82,252,Defender,Bundesliga,J. Makengo,SC Freiburg,31,753,0,0.0,0,0,0.0,0.0,0.46,16,27,7,5,0,31,244,206,16,25,1,2,0.0,0.0,0.0,0,0.0,0.0,0.0,3.71,29.16,24.62,1.91,2.99,0.12,0.24,1.91,3.23,0.84,0.6,0.0,0.0,0.0,0.0,0.06
83,253,Defender,Bundesliga,F. Mané,Borussia Dortmund,6,0,0,0.0,0,0,0.0,0.0,0.0,0,0,0,0,0,0,0,0,0,0,0,0,0.0,0.0,0.0,0,0.0,0.0,0.0,0.0,0.0,0.0,0.0,0.0,0.0,0.0,0.0,0.0,0.0,0.0,0.0,0.0,0.0,0.0,0.0
84,254,Defender,Bundesliga,N. Veratschnig,1. FSV Mainz 05,27,369,0,7.0,1,0,0.22,0.23,0.32,9,7,5,2,4,19,109,83,4,7,0,5,0.0,0.0,0.0,0,0.0,1.71,0.24,4.63,26.59,20.24,0.98,1.71,0.0,1.22,2.2,1.71,1.22,0.49,0.98,0.0,0.05,0.06,0.08
85,255,Defender,Bundesliga,T. Oermann,Bayer 04 Leverkusen,32,2133,2,8.0,0,0,0.16,0.15,0.72,48,55,20,26,2,88,828,695,110,14,0,6,0.0,0.0,0.08,2,0.08,0.34,0.0,3.71,34.94,29.32,4.64,0.59,0.0,0.25,2.03,2.32,0.84,1.1,0.08,0.0,0.01,0.01,0.03
86,256,Defender,Bundesliga,K. Nedeljković,RB Leipzig,14,477,0,4.0,0,0,0.52,0.52,0.61,11,11,2,0,1,13,178,161,12,17,0,3,0.0,0.0,0.0,0,0.0,0.75,0.0,2.45,33.58,30.38,2.26,3.21,0.0,0.57,2.08,2.08,0.38,0.0,0.19,0.0,0.1,0.1,0.12
87,257,Defender,Bundesliga,N. Brown,Eintracht Frankfurt,28,1953,6,13.0,5,3,2.18,2.18,4.6,71,45,15,6,4,109,688,590,48,92,11,40,0.0,0.14,0.28,9,0.41,0.6,0.23,5.02,31.71,27.19,2.21,4.24,0.51,1.84,3.27,2.07,0.69,0.28,0.18,0.0,0.1,0.1,0.21
88,258,Defender,Bundesliga,J. Belocian,VfL Wolfsburg,10,68,0,0.0,0,0,0.0,0.0,0.07,1,2,0,1,0,7,36,32,0,0,0,0,0.0,0.0,0.0,0,0.0,0.0,0.0,9.26,47.65,42.35,0.0,0.0,0.0,0.0,1.32,2.65,0.0,1.32,0.0,0.0,0.0,0.0,0.1
89,259,Defender,Bundesliga,Arthur,Bayer 04 Leverkusen,31,765,1,1.0,0,0,0.06,0.06,0.98,14,26,9,10,1,35,327,269,20,16,1,2,0.0,0.0,0.12,1,0.12,0.12,0.0,4.12,38.47,31.65,2.35,1.88,0.12,0.24,1.65,3.06,1.06,1.18,0.12,0.0,0.01,0.01,0.12
90,260,Defender,Bundesliga,K. Koulierakis,VfL Wolfsburg,31,2476,2,22.0,3,0,0.96,0.95,0.78,40,139,33,60,2,119,1522,1275,256,13,2,10,0.0,0.0,0.07,2,0.07,0.8,0.11,4.33,55.32,46.34,9.31,0.47,0.07,0.36,1.45,5.05,1.2,2.18,0.07,0.0,0.03,0.03,0.03
91,261,Defender,Bundesliga,E. Baum,Eintracht Frankfurt,2,180,0,1.0,0,0,0.0,0.0,0.0,6,5,2,0,0,9,68,46,9,5,1,3,0.0,0.0,0.0,0,0.0,0.5,0.0,4.5,34.0,23.0,4.5,2.5,0.5,1.5,3.0,2.5,1.0,0.0,0.0,0.0,0.0,0.0,0.0
92,262,Defender,Bundesliga,A. Kabar,Borussia Dortmund,17,144,0,0.0,0,0,0.0,0.0,0.35,5,3,1,2,0,10,83,76,5,1,1,3,0.0,0.0,0.0,0,0.0,0.0,0.0,6.25,51.87,47.5,3.12,0.62,0.62,1.88,3.12,1.88,0.62,1.25,0.0,0.0,0.0,0.0,0.22
93,263,Defender,Bundesliga,F. Jeltsch,VfB Stuttgart,13,793,0,2.0,0,0,0.05,0.05,0.34,18,24,13,12,0,37,612,565,27,3,0,2,0.0,0.0,0.0,0,0.0,0.23,0.0,4.2,69.46,64.12,3.06,0.34,0.0,0.23,2.04,2.72,1.48,1.36,0.0,0.0,0.01,0.01,0.04
94,264,Defender,Bundesliga,JBJ. Bürger,VfL Wolfsburg,1,0,0,0.0,0,0,0.0,0.0,0.0,0,0,0,0,0,0,0,0,0,0,0,0,0.0,0.0,0.0,0,0.0,0.0,0.0,0.0,0.0,0.0,0.0,0.0,0.0,0.0,0.0,0.0,0.0,0.0,0.0,0.0,0.0,0.0,0.0
95,265,Defender,Bundesliga,B. Ogbus,SC Freiburg,7,17,0,0.0,0,0,0.0,0.0,0.0,1,1,1,0,0,1,4,4,0,0,0,0,0.0,0.0,0.0,0,0.0,0.0,0.0,5.29,21.18,21.18,0.0,0.0,0.0,0.0,5.29,5.29,5.29,0.0,0.0,0.0,0.0,0.0,0.0
96,266,Defender,Bundesliga,N. Banks,FC Augsburg,20,281,0,1.0,0,0,0.07,0.07,0.03,11,28,5,8,1,20,160,151,12,2,0,0,0.0,0.0,0.0,0,0.0,0.32,0.0,6.41,51.25,48.36,3.84,0.64,0.0,0.0,3.52,8.97,1.6,2.56,0.32,0.0,0.02,0.02,0.01
97,267,Defender,Bundesliga,JNJ. Norbye,RB Leipzig,5,0,0,0.0,0,0,0.0,0.0,0.0,0,0,0,0,0,0,0,0,0,0,0,0,0.0,0.0,0.0,0,0.0,0.0,0.0,0.0,0.0,0.0,0.0,0.0,0.0,0.0,0.0,0.0,0.0,0.0,0.0,0.0,0.0,0.0,0.0
98,268,Defender,Bundesliga,KKK. Kościerski,VfL Bochum 1848,1,6,0,0.0,0,0,0.0,0.0,0.0,0,0,0,0,0,0,0,0,0,0,0,0,0.0,0.0,0.0,0,0.0,0.0,0.0,0.0,0.0,0.0,0.0,0.0,0.0,0.0,0.0,0.0,0.0,0.0,0.0,0.0,0.0,0.0,0.0
99,269,Defender,Bundesliga,FMF. Meiser,FC Augsburg,5,0,0,0.0,0,0,0.0,0.0,0.0,0,0,0,0,0,0,0,0,0,0,0,0,0.0,0.0,0.0,0,0.0,0.0,0.0,0.0,0.0,0.0,0.0,0.0,0.0,0.0,0.0,0.0,0.0,0.0,0.0,0.0,0.0,0.0,0.0
100,270,Forward,Bundesliga,A. Kramarić,TSG Hoffenheim,32,2778,8,69.0,26,11,11.66,8.5,5.68,15,9,7,9,14,71,1165,973,66,116,6,50,0.0,0.36,0.26,19,0.62,2.24,0.84,2.3,37.74,31.52,2.14,3.76,0.19,1.62,0.49,0.29,0.23,0.29,0.45,0.0,0.38,0.28,0.18
101,271,Forward,Bundesliga,H. Kane,FC Bayern München,31,2389,8,114.0,54,26,20.47,13.38,5.55,13,16,2,30,24,86,617,498,58,13,11,35,0.0,0.98,0.3,34,1.28,4.29,2.03,3.24,23.24,18.76,2.19,0.49,0.41,1.32,0.49,0.6,0.08,1.13,0.9,0.0,0.77,0.5,0.21
102,272,Forward,Bundesliga,M. Gregoritsch,FC Augsburg,28,645,1,16.0,6,2,1.8,1.8,0.72,4,9,1,31,4,44,156,100,6,1,0,5,0.0,0.28,0.14,3,0.42,2.23,0.84,6.14,21.77,13.95,0.84,0.14,0.0,0.7,0.56,1.26,0.14,4.33,0.56,0.0,0.25,0.25,0.1
103,273,Forward,Bundesliga,J. Hofmann,Bayer 04 Leverkusen,27,366,1,9.0,5,2,0.97,0.99,0.48,2,3,0,0,3,13,183,165,9,5,0,7,0.0,0.49,0.25,3,0.74,2.21,1.23,3.2,45.0,40.57,2.21,1.23,0.0,1.72,0.49,0.74,0.0,0.0,0.74,0.0,0.24,0.24,0.12
104,274,Forward,Bundesliga,M. Batshuayi,Eintracht Frankfurt,14,309,0,5.0,3,3,1.21,1.21,0.39,1,0,1,3,1,8,64,53,4,1,0,1,0.0,0.87,0.0,3,0.87,1.46,0.87,2.33,18.64,15.44,1.17,0.29,0.0,0.29,0.29,0.0,0.29,0.87,0.29,0.0,0.35,0.35,0.11
105,275,Forward,Bundesliga,S. Haller,Borussia Dortmund,1,0,0,0.0,0,0,0.0,0.0,0.0,0,0,0,0,0,0,0,0,0,0,0,0,0.0,0.0,0.0,0,0.0,0.0,0.0,0.0,0.0,0.0,0.0,0.0,0.0,0.0,0.0,0.0,0.0,0.0,0.0,0.0,0.0,0.0,0.0
106,276,Forward,Bundesliga,M. Philipp,SC Freiburg,14,15,0,1.0,0,0,0.04,0.04,0.0,0,0,0,0,1,0,7,3,0,0,0,0,0.0,0.0,0.0,0,0.0,6.0,0.0,0.0,42.0,18.0,0.0,0.0,0.0,0.0,0.0,0.0,0.0,0.0,6.0,0.0,0.25,0.25,0.0
107,277,Forward,Bundesliga,T. Kleindienst,Borussia M'gladbach,31,2742,7,75.0,39,16,13.51,12.5,3.93,30,64,12,150,17,218,729,452,26,16,11,29,0.0,0.53,0.23,23,0.75,2.46,1.28,7.16,23.93,14.84,0.85,0.53,0.36,0.95,0.98,2.1,0.39,4.92,0.56,0.0,0.44,0.41,0.13
108,278,Forward,Bundesliga,G. Holtmann,VfL Bochum 1848,24,1100,1,31.0,8,2,2.05,2.05,2.77,24,12,16,11,9,47,283,221,24,90,6,20,0.0,0.16,0.08,3,0.25,2.54,0.65,3.85,23.15,18.08,1.96,7.36,0.49,1.64,1.96,0.98,1.31,0.9,0.74,0.0,0.17,0.17,0.23
109,279,Forward,Bundesliga,I. Bebou,TSG Hoffenheim,1,8,0,0.0,0,0,0.0,0.0,0.0,0,0,0,0,0,0,4,2,0,0,0,0,0.0,0.0,0.0,0,0.0,0.0,0.0,0.0,45.0,22.5,0.0,0.0,0.0,0.0,0.0,0.0,0.0,0.0,0.0,0.0,0.0,0.0,0.0
110,280,Forward,Bundesliga,H. Tabaković,Borussia M'gladbach,30,817,1,30.0,10,3,3.35,3.35,0.92,3,16,1,45,9,60,206,133,1,4,3,9,0.0,0.33,0.11,4,0.44,3.3,1.1,6.61,22.69,14.65,0.11,0.44,0.33,0.99,0.33,1.76,0.11,4.96,0.99,0.0,0.37,0.37,0.1
111,281,Forward,Bundesliga,L. Höler,SC Freiburg,33,1881,4,35.0,19,6,7.79,7.18,1.73,37,34,6,81,4,164,575,386,11,14,7,22,0.0,0.29,0.19,10,0.48,1.67,0.91,7.85,27.51,18.47,0.53,0.67,0.33,1.05,1.77,1.63,0.29,3.88,0.19,0.0,0.37,0.34,0.08
112,282,Forward,Bundesliga,P. Schick,Bayer 04 Leverkusen,33,1694,0,68.0,34,21,12.37,11.88,0.91,6,17,4,46,10,84,365,286,2,1,1,11,0.0,1.12,0.0,21,1.12,3.61,1.81,4.46,19.39,15.19,0.11,0.05,0.05,0.58,0.32,0.9,0.21,2.44,0.53,0.0,0.66,0.63,0.05
113,283,Forward,Bundesliga,S. Guirassy,Borussia Dortmund,30,2601,2,90.0,37,21,22.9,19.73,3.07,7,38,4,114,22,180,625,456,17,1,7,25,0.0,0.73,0.07,23,0.8,3.11,1.28,6.23,21.63,15.78,0.59,0.03,0.24,0.87,0.24,1.31,0.14,3.94,0.76,0.0,0.79,0.68,0.11
114,284,Forward,Bundesliga,P. Hofmann,VfL Bochum 1848,31,2284,2,54.0,19,3,5.5,5.57,2.63,17,32,4,169,21,222,674,436,29,10,7,27,0.0,0.12,0.08,5,0.2,2.13,0.75,8.75,26.56,17.18,1.14,0.39,0.28,1.06,0.67,1.26,0.16,6.66,0.83,0.0,0.22,0.22,0.1
115,285,Forward,Bundesliga,M. Bülter,1. FC Köln,25,1739,2,37.0,15,7,3.67,3.17,3.37,13,13,4,18,10,91,455,334,44,84,4,22,0.0,0.36,0.1,9,0.47,1.91,0.78,4.71,23.55,17.29,2.28,4.35,0.21,1.14,0.67,0.67,0.21,0.93,0.52,0.0,0.19,0.16,0.17
116,286,Forward,Bundesliga,J. Lee,1. FSV Mainz 05,33,2661,6,40.0,15,7,5.3,5.3,4.68,42,35,35,51,9,143,1004,803,37,31,8,34,0.0,0.24,0.2,13,0.44,1.35,0.51,4.84,33.96,27.16,1.25,1.05,0.27,1.15,1.42,1.18,1.18,1.72,0.3,0.0,0.18,0.18,0.16
117,287,Forward,Bundesliga,O. Burke,1. FC Union Berlin,29,931,0,35.0,13,5,4.14,4.14,1.12,11,6,2,40,10,60,273,172,5,20,2,14,0.0,0.48,0.0,5,0.48,3.38,1.26,5.8,26.39,16.63,0.48,1.93,0.19,1.35,1.06,0.58,0.19,3.87,0.97,0.0,0.4,0.4,0.11
118,288,Forward,Bundesliga,M. Berisha,TSG Hoffenheim,16,368,1,14.0,4,1,1.15,1.07,0.44,4,3,0,3,6,15,60,45,2,4,3,3,0.0,0.24,0.24,2,0.49,3.42,0.98,3.67,14.67,11.01,0.49,0.98,0.73,0.73,0.98,0.73,0.0,0.73,1.47,0.0,0.28,0.26,0.11
119,289,Forward,Bundesliga,D. Undav,VfB Stuttgart,27,1734,3,75.0,31,9,11.66,11.86,3.79,11,10,3,23,20,64,567,424,25,11,8,26,0.0,0.47,0.16,12,0.62,3.89,1.61,3.32,29.43,22.01,1.3,0.57,0.42,1.35,0.57,0.52,0.16,1.19,1.04,0.0,0.61,0.62,0.2
120,290,Forward,Bundesliga,P. Tietz,1. FSV Mainz 05,34,1684,2,52.0,20,7,6.05,5.33,1.4,11,25,5,79,8,116,478,298,15,1,2,22,0.0,0.37,0.11,9,0.48,2.78,1.07,6.2,25.55,15.93,0.8,0.05,0.11,1.18,0.59,1.34,0.27,4.22,0.43,0.0,0.32,0.28,0.07
121,291,Forward,Bundesliga,A. Claude-Maurice,FC Augsburg,31,2125,2,59.0,22,9,4.74,4.7,1.85,41,7,15,14,14,139,631,534,27,21,1,21,0.0,0.38,0.08,11,0.47,2.5,0.93,5.89,26.72,22.62,1.14,0.89,0.04,0.89,1.74,0.3,0.64,0.59,0.59,0.0,0.2,0.2,0.08
122,292,Forward,Bundesliga,J. Wind,VfL Wolfsburg,33,1976,3,40.0,13,9,5.71,4.74,4.91,10,14,6,101,10,155,601,430,30,7,9,34,0.0,0.41,0.14,12,0.55,1.82,0.59,7.06,27.37,19.59,1.37,0.32,0.41,1.55,0.46,0.64,0.27,4.6,0.46,0.0,0.26,0.22,0.22
123,293,Forward,Bundesliga,M. Terrier,Bayer 04 Leverkusen,15,583,1,16.0,6,2,2.45,2.45,1.68,4,1,1,11,4,26,190,160,5,5,2,9,0.0,0.31,0.15,3,0.46,2.47,0.93,4.01,29.33,24.7,0.77,0.77,0.31,1.39,0.62,0.15,0.15,1.7,0.62,0.0,0.38,0.38,0.26
124,294,Forward,Bundesliga,E. Demirović,VfB Stuttgart,34,1861,1,66.0,30,15,14.2,13.2,1.71,12,7,3,34,14,78,361,258,3,3,5,18,0.0,0.73,0.05,16,0.77,3.19,1.45,3.77,17.46,12.48,0.15,0.15,0.24,0.87,0.58,0.34,0.15,1.64,0.68,0.0,0.69,0.64,0.08
125,295,Forward,Bundesliga,S. Machino,Borussia M'gladbach,34,1961,2,51.0,23,11,6.43,4.28,2.58,8,26,7,27,10,70,557,401,38,35,5,28,0.0,0.5,0.09,13,0.6,2.34,1.06,3.21,25.56,18.4,1.74,1.61,0.23,1.29,0.37,1.19,0.32,1.24,0.46,0.0,0.3,0.2,0.12
126,296,Forward,Bundesliga,J. Burkardt,Eintracht Frankfurt,29,2120,2,72.0,30,18,14.8,13.25,2.65,15,14,1,21,13,75,489,365,27,27,4,20,0.0,0.76,0.08,20,0.85,3.06,1.27,3.18,20.76,15.5,1.15,1.15,0.17,0.85,0.64,0.59,0.04,0.89,0.55,0.0,0.63,0.56,0.11
127,297,Forward,Bundesliga,K. Adeyemi,Borussia Dortmund,25,1446,6,46.0,18,7,5.48,5.48,4.07,20,5,7,9,13,87,366,287,9,26,9,28,0.0,0.44,0.37,13,0.81,2.86,1.12,5.41,22.78,17.86,0.56,1.62,0.56,1.74,1.24,0.31,0.44,0.56,0.81,0.0,0.34,0.34,0.25
128,298,Forward,Bundesliga,S. Katompa Mvumpa,1. FSV Mainz 05,1,0,0,0.0,0,0,0.0,0.0,0.0,0,0,0,0,0,0,0,0,0,0,0,0,0.0,0.0,0.0,0,0.0,0.0,0.0,0.0,0.0,0.0,0.0,0.0,0.0,0.0,0.0,0.0,0.0,0.0,0.0,0.0,0.0,0.0,0.0
129,299,Forward,Bundesliga,A. Ilić,1. FC Union Berlin,16,942,0,28.0,12,7,4.89,4.1,0.16,2,6,5,53,4,63,188,110,4,3,0,6,0.0,0.67,0.0,7,0.67,2.68,1.15,6.02,17.96,10.51,0.38,0.29,0.0,0.57,0.19,0.57,0.48,5.06,0.38,0.0,0.47,0.39,0.02
130,300,Forward,Bundesliga,A. Hložek,TSG Hoffenheim,27,1874,3,59.0,25,8,5.54,5.22,3.17,22,18,4,41,11,125,481,341,29,20,7,22,0.0,0.38,0.14,11,0.53,2.83,1.2,6.0,23.1,16.38,1.39,0.96,0.34,1.06,1.06,0.86,0.19,1.97,0.53,0.0,0.27,0.25,0.15
131,301,Forward,Bundesliga,B. Hollerbach,1. FSV Mainz 05,33,2465,0,71.0,23,8,6.02,5.98,2.22,43,10,2,30,24,156,569,412,32,71,3,26,0.0,0.29,0.0,8,0.29,2.59,0.84,5.7,20.77,15.04,1.17,2.59,0.11,0.95,1.57,0.37,0.07,1.1,0.88,0.0,0.22,0.22,0.08
132,302,Forward,Bundesliga,P. Nebel,1. FSV Mainz 05,33,2355,4,44.0,18,10,5.73,5.75,5.63,38,21,13,18,18,116,1031,806,58,111,7,35,0.0,0.38,0.15,14,0.54,1.68,0.69,4.43,39.4,30.8,2.22,4.24,0.27,1.34,1.45,0.8,0.5,0.69,0.69,0.0,0.22,0.22,0.22
133,303,Forward,Bundesliga,M. Beier,Borussia Dortmund,30,1590,5,42.0,13,8,7.71,7.71,2.52,25,12,7,24,11,86,383,278,5,16,6,25,0.0,0.45,0.28,13,0.74,2.38,0.74,4.87,21.68,15.74,0.28,0.91,0.34,1.42,1.42,0.68,0.4,1.36,0.62,0.0,0.44,0.44,0.14
134,304,Forward,Bundesliga,T. Tomás,VfB Stuttgart,33,1896,1,42.0,20,6,5.42,5.43,1.48,32,15,9,9,14,118,448,323,32,22,4,20,0.0,0.28,0.05,7,0.33,1.99,0.95,5.6,21.27,15.33,1.52,1.04,0.19,0.95,1.52,0.71,0.43,0.43,0.66,0.0,0.26,0.26,0.07
135,305,Forward,Bundesliga,A. Sieb,1. FSV Mainz 05,34,772,2,29.0,7,2,2.82,2.82,0.55,10,7,1,15,6,49,185,132,3,6,3,8,0.0,0.23,0.23,4,0.47,3.38,0.82,5.71,21.57,15.39,0.35,0.7,0.35,0.93,1.17,0.82,0.12,1.75,0.7,0.0,0.33,0.33,0.06
136,306,Forward,Bundesliga,F. Asllani,TSG Hoffenheim,2,179,1,3.0,1,1,0.0,0.0,0.0,2,0,0,2,2,10,55,37,3,0,2,3,0.0,0.5,0.5,2,1.01,1.51,0.5,5.03,27.65,18.6,1.51,0.0,1.01,1.51,1.01,0.0,0.0,1.01,1.01,0.0,0.0,0.0,0.0
137,307,Forward,Bundesliga,I. Matanović,SC Freiburg,22,317,0,12.0,5,1,1.14,1.14,0.09,2,9,1,11,2,26,75,57,3,0,0,1,0.0,0.28,0.0,1,0.28,3.41,1.42,7.38,21.29,16.18,0.85,0.0,0.0,0.28,0.57,2.56,0.28,3.12,0.57,0.0,0.32,0.32,0.03
138,308,Forward,Bundesliga,M. Tel,FC Bayern München,17,253,1,10.0,3,0,0.74,0.74,0.55,2,1,1,1,5,15,119,103,8,5,1,1,0.0,0.0,0.36,1,0.36,3.56,1.07,5.34,42.33,36.64,2.85,1.78,0.36,0.36,0.71,0.36,0.36,0.36,1.78,0.0,0.26,0.26,0.19
139,309,Forward,Bundesliga,J. Diehl,VfB Stuttgart,9,98,0,7.0,1,1,0.97,0.97,0.28,1,0,0,0,5,4,49,42,1,10,0,1,0.0,0.92,0.0,1,0.92,6.43,0.92,3.67,45.0,38.57,0.92,9.18,0.0,0.92,0.92,0.0,0.0,0.0,4.59,0.0,0.89,0.89,0.26
140,310,Forward,Bundesliga,N. Weiper,1. FSV Mainz 05,29,710,2,22.0,12,3,4.1,4.1,0.72,5,5,2,34,5,50,164,114,3,6,4,10,0.0,0.38,0.25,5,0.63,2.79,1.52,6.34,20.79,14.45,0.38,0.76,0.51,1.27,0.63,0.63,0.25,4.31,0.63,0.0,0.52,0.52,0.09
141,311,Forward,Bundesliga,M. Moerstedt,TSG Hoffenheim,19,450,0,12.0,4,0,0.76,0.72,0.57,5,4,0,17,6,32,101,69,5,1,0,7,0.0,0.0,0.0,0,0.0,2.4,0.8,6.4,20.2,13.8,1.0,0.2,0.0,1.4,1.0,0.8,0.0,3.4,1.2,0.0,0.15,0.14,0.11
142,312,Forward,Bundesliga,Y. Ebnoutalib,Eintracht Frankfurt,2,2,0,1.0,0,0,0.0,0.0,0.0,0,0,0,1,0,1,0,0,0,0,0,0,0.0,0.0,0.0,0,0.0,45.0,0.0,45.0,0.0,0.0,0.0,0.0,0.0,0.0,0.0,0.0,0.0,45.0,0.0,0.0,0.0,0.0,0.0
143,313,Forward,Bundesliga,A. Sarco,Borussia M'gladbach,5,0,0,0.0,0,0,0.0,0.0,0.0,0,0,0,0,0,0,0,0,0,0,0,0,0.0,0.0,0.0,0,0.0,0.0,0.0,0.0,0.0,0.0,0.0,0.0,0.0,0.0,0.0,0.0,0.0,0.0,0.0,0.0,0.0,0.0,0.0
144,314,Forward,Bundesliga,D. Preu,1. FC Union Berlin,7,119,0,2.0,0,0,0.13,0.13,0.02,1,0,0,0,0,4,25,16,4,4,0,0,0.0,0.0,0.0,0,0.0,1.51,0.0,3.03,18.91,12.1,3.03,3.03,0.0,0.0,0.76,0.0,0.0,0.0,0.0,0.0,0.1,0.1,0.02
145,315,Goalkeeper,Bundesliga,M. Neuer,FC Bayern München,23,1980,0,0.0,0,0,0.0,0.0,0.02,1,14,0,5,0,7,842,716,270,0,1,1,32.0,0.0,0.0,0,0.0,0.0,0.0,0.32,38.27,32.55,12.27,0.0,0.05,0.05,0.05,0.64,0.0,0.23,0.0,1.45,0.0,0.0,0.0
146,316,Goalkeeper,Bundesliga,S. Ulreich,FC Bayern München,16,90,0,0.0,0,0,0.0,0.0,0.0,0,0,0,0,0,0,26,21,9,0,0,0,0.0,0.0,0.0,0,0.0,0.0,0.0,0.0,26.0,21.0,9.0,0.0,0.0,0.0,0.0,0.0,0.0,0.0,0.0,0.0,0.0,0.0,0.0
147,317,Goalkeeper,Bundesliga,J. Grahl,Eintracht Frankfurt,12,0,0,0.0,0,0,0.0,0.0,0.0,0,0,0,0,0,0,0,0,0,0,0,0,0.0,0.0,0.0,0,0.0,0.0,0.0,0.0,0.0,0.0,0.0,0.0,0.0,0.0,0.0,0.0,0.0,0.0,0.0,0.0,0.0,0.0,0.0
148,318,Goalkeeper,Bundesliga,P. Pervan,VfL Wolfsburg,8,0,0,0.0,0,0,0.0,0.0,0.0,0,0,0,0,0,0,0,0,0,0,0,0,0.0,0.0,0.0,0,0.0,0.0,0.0,0.0,0.0,0.0,0.0,0.0,0.0,0.0,0.0,0.0,0.0,0.0,0.0,0.0,0.0,0.0,0.0
149,319,Goalkeeper,Bundesliga,P. Gulácsi,RB Leipzig,31,2632,0,0.0,0,0,0.0,0.0,0.01,1,29,0,11,0,13,761,604,267,0,0,0,100.0,0.0,0.0,0,0.0,0.0,0.0,0.44,26.02,20.65,9.13,0.0,0.0,0.0,0.03,0.99,0.0,0.38,0.0,3.42,0.0,0.0,0.0
150,320,Goalkeeper,Bundesliga,O. Baumann,TSG Hoffenheim,28,2520,0,0.0,0,0,0.0,0.0,0.63,2,30,0,9,0,18,938,615,517,0,1,3,92.0,0.0,0.0,0,0.0,0.0,0.0,0.64,33.5,21.96,18.46,0.0,0.04,0.11,0.07,1.07,0.0,0.32,0.0,3.29,0.0,0.0,0.02
151,321,Goalkeeper,Bundesliga,D. Batz,1. FSV Mainz 05,7,0,0,0.0,0,0,0.0,0.0,0.0,0,0,0,0,0,0,0,0,0,0,0,0,0.0,0.0,0.0,0,0.0,0.0,0.0,0.0,0.0,0.0,0.0,0.0,0.0,0.0,0.0,0.0,0.0,0.0,0.0,0.0,0.0,0.0,0.0
152,322,Goalkeeper,Bundesliga,T. Horn,VfL Bochum 1848,33,1170,0,0.0,0,0,0.0,0.0,0.06,0,14,0,5,0,5,469,255,357,0,0,1,33.0,0.0,0.0,0,0.0,0.0,0.0,0.38,36.08,19.62,27.46,0.0,0.0,0.08,0.0,1.08,0.0,0.38,0.0,2.54,0.0,0.0,0.0
153,323,Goalkeeper,Bundesliga,P. Drewes,Borussia Dortmund,32,1800,0,0.0,0,0,0.0,0.0,0.01,0,17,0,3,0,6,750,483,492,0,0,0,51.0,0.0,0.0,0,0.0,0.0,0.0,0.3,37.5,24.15,24.6,0.0,0.0,0.0,0.0,0.85,0.0,0.15,0.0,2.55,0.0,0.0,0.0
154,324,Goalkeeper,Bundesliga,M. Müller,VfL Wolfsburg,30,474,0,0.0,0,0,0.0,0.0,0.01,0,3,0,4,0,4,189,125,110,0,0,0,18.0,0.0,0.0,0,0.0,0.0,0.0,0.76,35.89,23.73,20.89,0.0,0.0,0.0,0.0,0.57,0.0,0.76,0.0,3.42,0.0,0.0,0.0
155,325,Goalkeeper,Bundesliga,F. Rønnow,1. FC Union Berlin,27,2430,0,1.0,0,0,0.09,0.09,0.08,0,39,0,17,0,20,747,475,435,0,0,0,73.0,0.0,0.0,0,0.0,0.04,0.0,0.74,27.67,17.59,16.11,0.0,0.0,0.0,0.0,1.44,0.0,0.63,0.0,2.7,0.0,0.0,0.0
156,326,Goalkeeper,Bundesliga,A. Meyer,Borussia Dortmund,33,180,0,0.0,0,0,0.0,0.0,0.03,0,1,0,0,0,0,80,51,41,0,0,1,7.0,0.0,0.0,0,0.0,0.0,0.0,0.0,40.0,25.5,20.5,0.0,0.0,0.5,0.0,0.5,0.0,0.0,0.0,3.5,0.0,0.0,0.02
157,327,Goalkeeper,Bundesliga,N. Lomb,Bayer 04 Leverkusen,12,0,0,0.0,0,0,0.0,0.0,0.0,0,0,0,0,0,0,0,0,0,0,0,0,0.0,0.0,0.0,0,0.0,0.0,0.0,0.0,0.0,0.0,0.0,0.0,0.0,0.0,0.0,0.0,0.0,0.0,0.0,0.0,0.0,0.0,0.0
158,328,Goalkeeper,Bundesliga,C. Klaus,1. FC Union Berlin,8,0,0,0.0,0,0,0.0,0.0,0.0,0,0,0,0,0,0,0,0,0,0,0,0,0.0,0.0,0.0,0,0.0,0.0,0.0,0.0,0.0,0.0,0.0,0.0,0.0,0.0,0.0,0.0,0.0,0.0,0.0,0.0,0.0,0.0,0.0
159,329,Goalkeeper,Bundesliga,L. Zingerle,RB Leipzig,14,0,0,0.0,0,0,0.0,0.0,0.0,0,0,0,0,0,0,0,0,0,0,0,0,0.0,0.0,0.0,0,0.0,0.0,0.0,0.0,0.0,0.0,0.0,0.0,0.0,0.0,0.0,0.0,0.0,0.0,0.0,0.0,0.0,0.0,0.0
160,330,Goalkeeper,Bundesliga,F. Bredlow,VfB Stuttgart,32,0,0,0.0,0,0,0.0,0.0,0.0,0,0,0,0,0,0,0,0,0,0,0,0,0.0,0.0,0.0,0,0.0,0.0,0.0,0.0,0.0,0.0,0.0,0.0,0.0,0.0,0.0,0.0,0.0,0.0,0.0,0.0,0.0,0.0,0.0
161,331,Goalkeeper,Bundesliga,J. Huth,SC Freiburg,12,0,0,0.0,0,0,0.0,0.0,0.0,0,0,0,0,0,0,0,0,0,0,0,0,0.0,0.0,0.0,0,0.0,0.0,0.0,0.0,0.0,0.0,0.0,0.0,0.0,0.0,0.0,0.0,0.0,0.0,0.0,0.0,0.0,0.0,0.0
162,332,Goalkeeper,Bundesliga,R. Zentner,1. FSV Mainz 05,32,2880,0,1.0,0,0,0.01,0.01,0.2,2,61,0,9,1,12,1024,604,627,0,1,3,102.0,0.0,0.0,0,0.0,0.03,0.0,0.38,32.0,18.88,19.59,0.0,0.03,0.09,0.06,1.91,0.0,0.28,0.03,3.19,0.0,0.0,0.01
163,333,Goalkeeper,Bundesliga,M. Zetterer,Eintracht Frankfurt,34,3060,0,0.0,0,0,0.0,0.0,0.09,0,24,1,8,0,15,1123,848,475,0,0,0,104.0,0.0,0.0,0,0.0,0.0,0.0,0.44,33.03,24.94,13.97,0.0,0.0,0.0,0.0,0.71,0.03,0.24,0.0,3.06,0.0,0.0,0.0
164,334,Goalkeeper,Bundesliga,G. Kobel,Borussia Dortmund,32,2880,0,0.0,0,0,0.0,0.0,0.0,0,32,1,5,0,9,1112,867,397,0,0,1,85.0,0.0,0.0,0,0.0,0.0,0.0,0.28,34.75,27.09,12.41,0.0,0.0,0.03,0.0,1.0,0.03,0.16,0.0,2.66,0.0,0.0,0.0
165,335,Goalkeeper,Bundesliga,J. Omlin,Bayer 04 Leverkusen,23,979,0,0.0,0,0,0.0,0.0,0.0,0,10,0,2,0,4,463,329,221,0,0,0,46.0,0.0,0.0,0,0.0,0.0,0.0,0.37,42.56,30.25,20.32,0.0,0.0,0.0,0.0,0.92,0.0,0.18,0.0,4.23,0.0,0.0,0.0
166,336,Goalkeeper,Bundesliga,M. Nicolas,Borussia M'gladbach,22,1640,0,0.0,0,0,0.0,0.0,0.0,0,15,1,7,0,7,706,585,241,0,0,0,70.0,0.0,0.0,0,0.0,0.0,0.0,0.38,38.74,32.1,13.23,0.0,0.0,0.0,0.0,0.82,0.05,0.38,0.0,3.84,0.0,0.0,0.0
167,337,Goalkeeper,Bundesliga,A. Nübel,VfB Stuttgart,34,3060,1,0.0,0,0,0.0,0.0,0.13,0,26,0,5,0,9,1168,873,493,0,1,3,85.0,0.0,0.03,1,0.03,0.0,0.0,0.26,34.35,25.68,14.5,0.0,0.03,0.09,0.0,0.76,0.0,0.15,0.0,2.5,0.0,0.0,0.0
168,338,Goalkeeper,Bundesliga,F. Dahmen,FC Augsburg,29,1710,0,0.0,0,0,0.0,0.0,0.02,1,22,0,6,0,7,708,478,387,0,0,0,65.0,0.0,0.0,0,0.0,0.0,0.0,0.37,37.26,25.16,20.37,0.0,0.0,0.0,0.05,1.16,0.0,0.32,0.0,3.42,0.0,0.0,0.0
169,339,Goalkeeper,Bundesliga,F. Müller,SC Freiburg,28,752,0,0.0,0,0,0.0,0.0,0.04,0,7,0,0,0,1,296,178,174,0,0,0,15.0,0.0,0.0,0,0.0,0.0,0.0,0.12,35.43,21.3,20.82,0.0,0.0,0.0,0.0,0.84,0.0,0.0,0.0,1.8,0.0,0.0,0.0
170,340,Goalkeeper,Bundesliga,K. Grabara,VfL Wolfsburg,29,2586,0,0.0,0,0,0.0,0.0,0.1,0,33,0,9,0,13,1019,677,559,0,0,2,92.0,0.0,0.0,0,0.0,0.0,0.0,0.45,35.46,23.56,19.45,0.0,0.0,0.07,0.0,1.15,0.0,0.31,0.0,3.2,0.0,0.0,0.0
171,341,Goalkeeper,Bundesliga,D. Klein,FC Augsburg,5,0,0,0.0,0,0,0.0,0.0,0.0,0,0,0,0,0,0,0,0,0,0,0,0,0.0,0.0,0.0,0,0.0,0.0,0.0,0.0,0.0,0.0,0.0,0.0,0.0,0.0,0.0,0.0,0.0,0.0,0.0,0.0,0.0,0.0,0.0
172,342,Goalkeeper,Bundesliga,S. Drljača,VfB Stuttgart,1,0,0,0.0,0,0,0.0,0.0,0.0,0,0,0,0,0,0,0,0,0,0,0,0,0.0,0.0,0.0,0,0.0,0.0,0.0,0.0,0.0,0.0,0.0,0.0,0.0,0.0,0.0,0.0,0.0,0.0,0.0,0.0,0.0,0.0,0.0
173,343,Goalkeeper,Bundesliga,M. Vandevoordt,RB Leipzig,34,428,0,0.0,0,0,0.0,0.0,0.0,1,7,0,1,0,2,147,111,60,0,0,0,12.0,0.0,0.0,0,0.0,0.0,0.0,0.42,30.91,23.34,12.62,0.0,0.0,0.0,0.21,1.47,0.0,0.21,0.0,2.52,0.0,0.0,0.0
174,344,Goalkeeper,Bundesliga,L. Philipp,TSG Hoffenheim,34,540,0,0.0,0,0,0.0,0.0,0.01,1,4,0,0,0,1,171,101,109,0,0,0,21.0,0.0,0.0,0,0.0,0.0,0.0,0.17,28.5,16.83,18.17,0.0,0.0,0.0,0.17,0.67,0.0,0.0,0.0,3.5,0.0,0.0,0.0
175,345,Goalkeeper,Bundesliga,N. Labrović,FC Augsburg,34,1350,0,0.0,0,0,0.0,0.0,0.07,0,20,0,7,0,8,430,282,243,0,0,0,42.0,0.0,0.0,0,0.0,0.0,0.0,0.53,28.67,18.8,16.2,0.0,0.0,0.0,0.0,1.33,0.0,0.47,0.0,2.8,0.0,0.0,0.0
176,346,Goalkeeper,Bundesliga,N. Atubolu,SC Freiburg,28,2308,0,0.0,0,0,0.0,0.0,0.05,0,21,0,10,0,10,1028,739,486,0,0,0,85.0,0.0,0.0,0,0.0,0.0,0.0,0.39,40.09,28.82,18.95,0.0,0.0,0.0,0.0,0.82,0.0,0.39,0.0,3.31,0.0,0.0,0.0
177,347,Goalkeeper,Bundesliga,D. Peretz,FC Bayern München,17,270,0,0.0,0,0,0.0,0.0,0.0,0,2,0,0,0,2,98,74,33,0,0,0,2.0,0.0,0.0,0,0.0,0.0,0.0,0.67,32.67,24.67,11.0,0.0,0.0,0.0,0.0,0.67,0.0,0.0,0.0,0.67,0.0,0.0,0.0
178,348,Goalkeeper,Bundesliga,L. Riess,1. FSV Mainz 05,32,180,0,0.0,0,0,0.0,0.0,0.02,0,6,0,0,0,0,77,46,50,0,0,0,6.0,0.0,0.0,0,0.0,0.0,0.0,0.0,38.5,23.0,25.0,0.0,0.0,0.0,0.0,3.0,0.0,0.0,0.0,3.0,0.0,0.0,0.01
179,349,Goalkeeper,Bundesliga,J. Urbig,FC Bayern München,13,720,0,0.0,0,0,0.0,0.0,0.13,0,13,0,2,0,2,253,199,97,0,0,0,17.0,0.0,0.0,0,0.0,0.0,0.0,0.25,31.62,24.88,12.12,0.0,0.0,0.0,0.0,1.62,0.0,0.25,0.0,2.12,0.0,0.0,0.02
180,350,Goalkeeper,Bundesliga,K. Santos,Eintracht Frankfurt,29,765,0,0.0,0,0,0.0,0.0,0.0,0,14,0,8,0,9,258,172,131,0,0,1,37.0,0.0,0.0,0,0.0,0.0,0.0,1.06,30.35,20.24,15.41,0.0,0.0,0.12,0.0,1.65,0.0,0.94,0.0,4.35,0.0,0.0,0.0
181,351,Goalkeeper,Bundesliga,TPT. Pereira Cardoso,Borussia M'gladbach,11,379,0,0.0,0,0,0.0,0.0,0.0,1,6,0,4,0,5,157,112,71,0,0,0,20.0,0.0,0.0,0,0.0,0.0,0.0,1.19,37.28,26.6,16.86,0.0,0.0,0.0,0.24,1.42,0.0,0.95,0.0,4.75,0.0,0.0,0.0
182,352,Goalkeeper,Bundesliga,A. Šiljević,Eintracht Frankfurt,1,0,0,0.0,0,0,0.0,0.0,0.0,0,0,0,0,0,0,0,0,0,0,0,0,0.0,0.0,0.0,0,0.0,0.0,0.0,0.0,0.0,0.0,0.0,0.0,0.0,0.0,0.0,0.0,0.0,0.0,0.0,0.0,0.0,0.0,0.0
183,353,Midfielder,Bundesliga,T. Chandler,Eintracht Frankfurt,10,27,0,0.0,0,0,0.0,0.0,0.04,0,2,3,5,0,6,23,17,2,1,0,0,0.0,0.0,0.0,0,0.0,0.0,0.0,20.0,76.67,56.67,6.67,3.33,0.0,0.0,0.0,6.67,10.0,16.67,0.0,0.0,0.0,0.0,0.12
184,354,Midfielder,Bundesliga,C. Trimmel,1. FC Union Berlin,32,1743,3,9.0,3,0,0.23,0.23,3.23,38,86,18,24,2,68,515,341,111,111,2,36,0.0,0.0,0.15,3,0.15,0.46,0.15,3.51,26.59,17.61,5.73,5.73,0.1,1.86,1.96,4.44,0.93,1.24,0.1,0.0,0.01,0.01,0.17
185,355,Midfielder,Bundesliga,N. Höfler,SC Freiburg,34,787,0,4.0,0,0,0.23,0.23,0.34,33,28,14,28,3,70,373,325,9,1,0,3,0.0,0.0,0.0,0,0.0,0.46,0.0,8.01,42.66,37.17,1.03,0.11,0.0,0.34,3.77,3.2,1.6,3.2,0.34,0.0,0.03,0.03,0.04
186,356,Midfielder,Bundesliga,M. Götze,Eintracht Frankfurt,28,1546,2,8.0,5,3,2.95,2.95,1.84,41,7,7,3,1,68,798,647,41,39,5,34,0.0,0.17,0.12,5,0.29,0.47,0.29,3.96,46.46,37.66,2.39,2.27,0.29,1.98,2.39,0.41,0.41,0.17,0.06,0.0,0.17,0.17,0.11
187,357,Midfielder,Bundesliga,K. Kampl,RB Leipzig,28,1596,0,7.0,2,1,0.82,0.82,2.68,27,24,24,3,2,50,1131,1030,44,29,2,16,0.0,0.06,0.0,1,0.06,0.39,0.11,2.82,63.78,58.08,2.48,1.64,0.11,0.9,1.52,1.35,1.35,0.17,0.11,0.0,0.05,0.05,0.15
188,358,Midfielder,Bundesliga,K. Stöger,Borussia M'gladbach,34,1553,4,26.0,12,3,3.88,2.3,4.14,37,23,16,5,5,99,975,797,100,116,8,55,0.0,0.17,0.23,7,0.41,1.51,0.7,5.74,56.5,46.19,5.8,6.72,0.46,3.19,2.14,1.33,0.93,0.29,0.29,0.0,0.22,0.13,0.24
189,359,Midfielder,Bundesliga,A. Losilla,VfL Bochum 1848,31,1090,0,5.0,0,0,0.13,0.13,0.64,28,23,18,26,1,63,401,311,45,3,1,7,0.0,0.0,0.0,0,0.0,0.41,0.0,5.2,33.11,25.68,3.72,0.25,0.08,0.58,2.31,1.9,1.49,2.15,0.08,0.0,0.01,0.01,0.05
190,360,Midfielder,Bundesliga,M. Sabitzer,Borussia Dortmund,27,1613,0,21.0,8,1,1.78,1.78,1.54,29,28,10,18,5,61,820,712,54,23,2,12,0.0,0.06,0.0,1,0.06,1.17,0.45,3.4,45.75,39.73,3.01,1.28,0.11,0.67,1.62,1.56,0.56,1.0,0.28,0.0,0.1,0.1,0.09
191,361,Midfielder,Bundesliga,P. Mwene,1. FSV Mainz 05,32,2617,4,21.0,5,1,1.52,1.55,3.77,51,46,24,20,10,117,968,746,96,85,3,23,0.0,0.03,0.14,5,0.17,0.72,0.17,4.02,33.29,25.66,3.3,2.92,0.1,0.79,1.75,1.58,0.83,0.69,0.34,0.0,0.05,0.05,0.13
192,362,Midfielder,Bundesliga,E. Can,Borussia Dortmund,31,2111,0,9.0,3,3,1.98,0.41,1.35,50,86,20,46,2,129,1877,1692,174,11,0,8,0.0,0.13,0.0,3,0.13,0.38,0.13,5.5,80.02,72.14,7.42,0.47,0.0,0.34,2.13,3.67,0.85,1.96,0.09,0.0,0.08,0.02,0.06
193,363,Midfielder,Bundesliga,M. Arnold,VfL Wolfsburg,28,2359,5,27.0,12,3,0.89,0.9,4.36,34,69,24,15,7,101,1195,1006,173,152,7,45,0.0,0.11,0.19,8,0.31,1.03,0.46,3.85,45.59,38.38,6.6,5.8,0.27,1.72,1.3,2.63,0.92,0.57,0.27,0.0,0.03,0.03,0.17
194,364,Midfielder,Bundesliga,R. Khedira,1. FC Union Berlin,32,2647,1,13.0,1,1,1.37,1.37,0.92,64,53,42,40,5,126,880,672,85,21,2,12,0.0,0.03,0.03,2,0.07,0.44,0.03,4.28,29.92,22.85,2.89,0.71,0.07,0.41,2.18,1.8,1.43,1.36,0.17,0.0,0.05,0.05,0.03
195,365,Midfielder,Bundesliga,S. Widmer,1. FSV Mainz 05,33,546,1,3.0,1,0,0.33,0.33,0.5,11,27,5,13,2,27,213,167,19,12,1,2,0.0,0.0,0.16,1,0.16,0.49,0.16,4.45,35.11,27.53,3.13,1.98,0.16,0.33,1.81,4.45,0.82,2.14,0.33,0.0,0.05,0.05,0.08
196,366,Midfielder,Bundesliga,R. Andrich,Bayer 04 Leverkusen,32,1611,1,21.0,5,2,1.29,1.3,0.95,24,22,29,21,8,64,960,861,64,12,0,9,0.0,0.11,0.06,3,0.17,1.17,0.28,3.58,53.63,48.1,3.58,0.67,0.0,0.5,1.34,1.23,1.62,1.17,0.45,0.0,0.07,0.07,0.05
197,367,Midfielder,Bundesliga,J. Haberer,1. FC Union Berlin,33,1704,0,15.0,3,0,0.73,0.73,1.86,39,36,17,15,6,70,669,525,66,15,2,7,0.0,0.0,0.0,0,0.0,0.79,0.16,3.7,35.33,27.73,3.49,0.79,0.11,0.37,2.06,1.9,0.9,0.79,0.32,0.0,0.04,0.04,0.1
198,368,Midfielder,Bundesliga,Y. Gerhardt,VfL Wolfsburg,31,1515,0,15.0,4,1,1.23,1.23,1.1,28,46,17,22,5,63,618,489,48,24,1,4,0.0,0.06,0.0,1,0.06,0.89,0.24,3.74,36.71,29.05,2.85,1.43,0.06,0.24,1.66,2.73,1.01,1.31,0.3,0.0,0.07,0.07,0.07
199,369,Midfielder,Bundesliga,V. Grifo,SC Freiburg,34,2452,11,66.0,29,8,7.89,5.57,7.95,29,21,9,15,22,81,1357,1114,126,155,17,66,0.0,0.29,0.4,19,0.7,2.42,1.06,2.97,49.81,40.89,4.62,5.69,0.62,2.42,1.06,0.77,0.33,0.55,0.81,0.0,0.29,0.2,0.29
200,370,Midfielder,Bundesliga,A. Grimaldo,Bayer 04 Leverkusen,33,2643,7,44.0,14,2,2.5,2.53,8.56,24,38,16,16,14,85,1727,1492,90,217,11,73,0.0,0.07,0.24,9,0.31,1.5,0.48,2.89,58.81,50.81,3.06,7.39,0.37,2.49,0.82,1.29,0.54,0.54,0.48,0.0,0.09,0.09,0.29
201,371,Midfielder,Bundesliga,L. Goretzka,FC Bayern München,31,1321,1,32.0,11,4,2.76,2.76,2.38,21,25,20,31,10,70,1209,1095,47,5,2,12,0.0,0.27,0.07,5,0.34,2.18,0.75,4.77,82.37,74.6,3.2,0.34,0.14,0.82,1.43,1.7,1.36,2.11,0.68,0.0,0.19,0.19,0.16
202,372,Midfielder,Bundesliga,M. Bero,VfL Bochum 1848,29,2479,2,31.0,13,5,3.96,3.73,3.8,64,32,16,25,11,138,1032,770,105,122,5,53,0.0,0.18,0.07,7,0.25,1.13,0.47,5.01,37.47,27.95,3.81,4.43,0.18,1.92,2.32,1.16,0.58,0.91,0.4,0.0,0.14,0.14,0.14
203,373,Midfielder,Bundesliga,S. Gnabry,FC Bayern München,29,1248,5,49.0,18,7,7.54,6.77,4.26,20,9,6,4,11,48,560,481,19,22,10,25,0.0,0.5,0.36,12,0.87,3.53,1.3,3.46,40.38,34.69,1.37,1.59,0.72,1.8,1.44,0.65,0.43,0.29,0.79,0.0,0.54,0.49,0.31
204,374,Midfielder,Bundesliga,J. Brandt,Borussia Dortmund,30,2318,10,45.0,15,5,4.76,4.79,6.55,26,11,14,11,11,65,1116,922,54,71,16,62,0.0,0.19,0.39,15,0.58,1.75,0.58,2.52,43.33,35.8,2.1,2.76,0.62,2.41,1.01,0.43,0.54,0.43,0.43,0.0,0.18,0.19,0.25
205,375,Midfielder,Bundesliga,G. Prömel,TSG Hoffenheim,2,175,0,0.0,0,0,0.0,0.0,0.04,0,4,2,1,0,4,92,79,4,2,0,0,0.0,0.0,0.0,0,0.0,0.0,0.0,2.06,47.31,40.63,2.06,1.03,0.0,0.0,0.0,2.06,1.03,0.51,0.0,0.0,0.0,0.0,0.02
206,376,Midfielder,Bundesliga,M. Wolf,FC Augsburg,32,2168,3,12.0,2,1,0.69,0.69,4.54,27,46,24,8,5,68,842,594,89,115,2,46,0.0,0.04,0.12,4,0.17,0.5,0.08,2.82,34.95,24.66,3.69,4.77,0.08,1.91,1.12,1.91,1.0,0.33,0.21,0.0,0.03,0.03,0.19
207,377,Midfielder,Bundesliga,J. Kimmich,FC Bayern München,33,2847,6,34.0,10,3,1.77,1.77,10.58,47,29,25,12,13,98,3425,3183,252,176,16,83,0.0,0.09,0.19,9,0.28,1.07,0.32,3.1,108.27,100.62,7.97,5.56,0.51,2.62,1.49,0.92,0.79,0.38,0.41,0.0,0.06,0.06,0.33
208,378,Midfielder,Bundesliga,F. Honorat,Borussia M'gladbach,20,1452,7,31.0,9,4,4.53,4.53,4.89,17,23,5,9,11,43,458,346,12,125,12,51,0.0,0.25,0.43,11,0.68,1.92,0.56,2.67,28.39,21.45,0.74,7.75,0.74,3.16,1.05,1.43,0.31,0.56,0.68,0.0,0.28,0.28,0.3
209,379,Midfielder,Bundesliga,N. Amiri,1. FSV Mainz 05,30,2481,5,62.0,26,7,5.47,3.92,9.16,50,27,16,17,18,149,1591,1313,200,166,13,63,0.0,0.25,0.18,12,0.44,2.25,0.94,5.41,57.71,47.63,7.26,6.02,0.47,2.29,1.81,0.98,0.58,0.62,0.65,0.0,0.2,0.14,0.33
210,380,Midfielder,Bundesliga,R. Skov,1. FC Union Berlin,19,773,1,14.0,5,2,1.5,0.72,2.34,14,7,7,9,4,34,292,206,39,48,4,14,0.0,0.23,0.12,3,0.35,1.63,0.58,3.96,34.0,23.98,4.54,5.59,0.47,1.63,1.63,0.82,0.82,1.05,0.47,0.0,0.17,0.08,0.27
211,381,Midfielder,Bundesliga,M. Dahoud,Eintracht Frankfurt,25,367,1,7.0,2,1,0.53,0.53,0.55,9,5,2,1,4,13,220,191,8,4,1,8,0.0,0.25,0.25,2,0.49,1.72,0.49,3.19,53.95,46.84,1.96,0.98,0.25,1.96,2.21,1.23,0.49,0.25,0.98,0.0,0.13,0.13,0.13
212,382,Midfielder,Bundesliga,D. Giannoulis,FC Augsburg,31,2655,4,13.0,4,1,1.12,1.12,5.42,47,65,47,10,4,105,1046,812,110,120,8,42,0.0,0.03,0.14,5,0.17,0.44,0.14,3.56,35.46,27.53,3.73,4.07,0.27,1.42,1.59,2.2,1.59,0.34,0.14,0.0,0.04,0.04,0.18
213,383,Midfielder,Bundesliga,K. Miyoshi,VfL Bochum 1848,20,453,0,12.0,5,1,1.11,1.11,0.64,8,2,2,2,4,19,117,75,10,8,1,5,0.0,0.2,0.0,1,0.2,2.38,0.99,3.77,23.25,14.9,1.99,1.59,0.2,0.99,1.59,0.4,0.4,0.4,0.79,0.0,0.22,0.22,0.13
214,384,Midfielder,Bundesliga,M. Eggestein,SC Freiburg,34,2855,0,36.0,12,2,1.96,1.96,2.54,56,52,39,60,15,151,1435,1205,62,9,1,19,0.0,0.06,0.0,2,0.06,1.13,0.38,4.76,45.24,37.99,1.95,0.28,0.03,0.6,1.77,1.64,1.23,1.89,0.47,0.0,0.06,0.06,0.08
215,385,Midfielder,Bundesliga,E. Skhiri,Eintracht Frankfurt,32,2240,1,13.0,2,1,1.38,1.38,1.95,40,43,31,20,6,89,1293,1150,79,3,2,22,0.0,0.04,0.04,2,0.08,0.52,0.08,3.58,51.95,46.21,3.17,0.12,0.08,0.88,1.61,1.73,1.25,0.8,0.24,0.0,0.06,0.06,0.08
216,386,Midfielder,Bundesliga,R. Doan,Eintracht Frankfurt,34,2874,7,61.0,23,10,6.42,7.36,5.95,66,35,14,17,21,194,996,753,65,80,8,28,0.0,0.31,0.22,17,0.53,1.91,0.72,6.08,31.19,23.58,2.04,2.51,0.25,0.88,2.07,1.1,0.44,0.53,0.66,0.0,0.2,0.23,0.19
217,387,Midfielder,Bundesliga,X. Schlager,RB Leipzig,5,181,0,1.0,0,0,0.06,0.06,0.41,4,3,0,0,0,8,96,84,6,1,1,1,0.0,0.0,0.0,0,0.0,0.5,0.0,3.98,47.73,41.77,2.98,0.5,0.5,0.5,1.99,1.49,0.0,0.0,0.0,0.0,0.03,0.03,0.21
218,388,Midfielder,Bundesliga,S. Özcan,Borussia Dortmund,33,745,0,6.0,0,0,0.45,0.45,0.97,13,15,18,20,3,52,453,355,40,11,2,10,0.0,0.0,0.0,0,0.0,0.72,0.0,6.28,54.72,42.89,4.83,1.33,0.24,1.21,1.57,1.81,2.17,2.42,0.36,0.0,0.05,0.05,0.12
219,389,Midfielder,Bundesliga,A. García,Bayer 04 Leverkusen,34,1457,4,15.0,5,3,0.97,0.97,3.82,13,24,11,3,7,29,1286,1171,106,92,10,33,0.0,0.19,0.25,7,0.43,0.93,0.31,1.79,79.44,72.33,6.55,5.68,0.62,2.04,0.8,1.48,0.68,0.19,0.43,0.0,0.06,0.06,0.24
220,390,Midfielder,Bundesliga,K. Jakić,FC Augsburg,31,2308,0,18.0,6,0,0.8,0.8,1.75,46,47,28,37,4,123,1064,893,91,13,0,16,0.0,0.0,0.0,0,0.0,0.7,0.23,4.8,41.49,34.82,3.55,0.51,0.0,0.62,1.79,1.83,1.09,1.44,0.16,0.0,0.03,0.03,0.07
221,391,Midfielder,Bundesliga,M. Svanberg,VfL Wolfsburg,22,1221,1,21.0,8,3,3.64,3.65,1.58,20,25,15,13,4,64,336,248,25,35,4,13,0.0,0.22,0.07,4,0.29,1.55,0.59,4.72,24.77,18.28,1.84,2.58,0.29,0.96,1.47,1.84,1.11,0.96,0.29,0.0,0.27,0.27,0.12
222,392,Midfielder,Bundesliga,T. Skarke,1. FC Union Berlin,33,1114,2,18.0,8,0,1.69,1.69,1.1,14,17,5,13,4,49,293,211,9,29,1,14,0.0,0.0,0.16,2,0.16,1.45,0.65,3.96,23.67,17.05,0.73,2.34,0.08,1.13,1.13,1.37,0.4,1.05,0.32,0.0,0.14,0.14,0.09
223,393,Midfielder,Bundesliga,A. Karazor,VfB Stuttgart,32,2626,4,14.0,7,2,2.26,2.26,2.47,59,51,32,59,4,187,1844,1606,101,4,5,15,0.0,0.07,0.14,6,0.21,0.48,0.24,6.41,63.2,55.04,3.46,0.14,0.17,0.51,2.02,1.75,1.1,2.02,0.14,0.0,0.08,0.08,0.08
224,394,Midfielder,Bundesliga,J. Kamiński,1. FC Köln,31,1138,2,15.0,3,0,0.93,0.93,3.58,17,20,13,7,4,35,356,267,28,50,5,24,0.0,0.0,0.16,2,0.16,1.19,0.24,2.77,28.15,21.12,2.21,3.95,0.4,1.9,1.34,1.58,1.03,0.55,0.32,0.0,0.07,0.07,0.28
225,395,Midfielder,Bundesliga,E. Palacios,Bayer 04 Leverkusen,30,1158,6,13.0,9,1,1.52,1.53,2.17,22,13,13,1,2,49,1011,912,31,4,4,28,0.0,0.08,0.47,7,0.54,1.01,0.7,3.81,78.58,70.88,2.41,0.31,0.31,2.18,1.71,1.01,1.01,0.08,0.16,0.0,0.12,0.12,0.17
226,396,Midfielder,Bundesliga,C. Baumgartner,RB Leipzig,32,1622,1,39.0,15,2,4.52,4.52,1.74,44,21,12,42,10,131,585,413,42,14,2,20,0.0,0.11,0.06,3,0.17,2.16,0.83,7.27,32.46,22.92,2.33,0.78,0.11,1.11,2.44,1.17,0.67,2.33,0.55,0.0,0.25,0.25,0.1
227,397,Midfielder,Bundesliga,F. Neuhaus,Borussia M'gladbach,30,377,1,9.0,3,0,0.61,0.61,0.61,10,5,6,0,3,22,220,188,33,9,1,6,0.0,0.0,0.24,1,0.24,2.15,0.72,5.25,52.52,44.88,7.88,2.15,0.24,1.43,2.39,1.19,1.43,0.0,0.72,0.0,0.14,0.15,0.14
228,398,Midfielder,Bundesliga,E. Elmas,RB Leipzig,12,42,0,2.0,1,0,0.34,0.34,0.01,3,2,0,0,1,4,16,13,0,0,0,0,0.0,0.0,0.0,0,0.0,4.29,2.14,8.57,34.29,27.86,0.0,0.0,0.0,0.0,6.43,4.29,0.0,0.0,2.14,0.0,0.73,0.73,0.03
229,399,Midfielder,Bundesliga,L. Majer,VfL Wolfsburg,9,310,1,7.0,5,2,1.39,0.6,0.82,2,2,1,3,0,16,121,94,6,17,3,8,0.0,0.58,0.29,3,0.87,2.03,1.45,4.65,35.13,27.29,1.74,4.94,0.87,2.32,0.58,0.58,0.29,0.87,0.0,0.0,0.4,0.18,0.24
230,400,Midfielder,Bundesliga,E. Rexhbeçaj,FC Augsburg,31,1792,1,29.0,5,1,1.41,1.42,1.98,27,20,16,11,13,89,586,451,44,71,1,16,0.0,0.05,0.05,2,0.1,1.46,0.25,4.47,29.43,22.65,2.21,3.57,0.05,0.8,1.36,1.0,0.8,0.55,0.65,0.0,0.07,0.07,0.1
231,401,Midfielder,Bundesliga,A. Caci,1. FSV Mainz 05,33,2703,7,32.0,12,1,3.11,3.11,7.7,60,42,27,35,10,135,1258,945,116,133,6,50,0.0,0.03,0.23,8,0.27,1.07,0.4,4.5,41.89,31.47,3.86,4.43,0.2,1.66,2.0,1.4,0.9,1.17,0.33,0.0,0.1,0.1,0.26
232,402,Midfielder,Bundesliga,R. Baku,RB Leipzig,34,2452,4,35.0,11,4,2.86,2.86,3.33,47,51,24,16,11,111,954,745,67,71,3,28,0.0,0.15,0.15,8,0.29,1.28,0.4,4.07,35.02,27.35,2.46,2.61,0.11,1.03,1.73,1.87,0.88,0.59,0.4,0.0,0.11,0.1,0.12
233,403,Midfielder,Bundesliga,R. Fellhauer,FC Augsburg,2,168,0,2.0,1,1,0.0,0.0,0.0,4,4,4,6,0,12,60,48,1,0,0,1,0.0,0.54,0.0,1,0.54,1.07,0.54,6.43,32.14,25.71,0.54,0.0,0.0,0.54,2.14,2.14,2.14,3.21,0.0,0.0,0.0,0.0,0.0
234,404,Midfielder,Bundesliga,N. Nartey,VfB Stuttgart,1,21,0,0.0,0,0,0.0,0.0,0.0,0,3,0,1,0,1,5,4,1,0,0,0,0.0,0.0,0.0,0,0.0,0.0,0.0,4.29,21.43,17.14,4.29,0.0,0.0,0.0,0.0,12.86,0.0,4.29,0.0,0.0,0.0,0.0,0.0
235,405,Midfielder,Bundesliga,R. Hack,Borussia M'gladbach,34,2188,7,59.0,24,4,5.41,5.4,3.81,22,20,9,19,13,87,811,645,63,61,9,32,0.0,0.16,0.29,11,0.45,2.43,0.99,3.58,33.36,26.53,2.59,2.51,0.37,1.32,0.9,0.82,0.37,0.78,0.53,0.0,0.22,0.22,0.16
236,406,Midfielder,Bundesliga,A. Schäfer,1. FC Union Berlin,32,1467,1,10.0,1,1,0.57,0.57,1.17,51,35,21,25,3,119,495,372,28,15,1,8,0.0,0.06,0.06,2,0.12,0.61,0.06,7.3,30.37,22.82,1.72,0.92,0.06,0.49,3.13,2.15,1.29,1.53,0.18,0.0,0.04,0.04,0.07
237,407,Midfielder,Bundesliga,M. Kwarteng,VfL Bochum 1848,11,167,0,6.0,1,0,0.19,0.19,0.15,4,1,0,0,2,11,75,60,2,1,0,4,0.0,0.0,0.0,0,0.0,3.23,0.54,5.93,40.42,32.34,1.08,0.54,0.0,2.16,2.16,0.54,0.0,0.0,1.08,0.0,0.1,0.1,0.08
238,408,Midfielder,Bundesliga,C. Führich,VfB Stuttgart,33,1990,3,36.0,12,2,2.95,2.94,6.04,15,16,6,5,13,66,887,756,28,82,8,33,0.0,0.09,0.14,5,0.23,1.63,0.54,2.98,40.12,34.19,1.27,3.71,0.36,1.49,0.68,0.72,0.27,0.23,0.59,0.0,0.13,0.13,0.27
239,409,Midfielder,Bundesliga,L. Maloney,1. FSV Mainz 05,26,800,0,3.0,0,0,0.33,0.33,0.06,22,40,14,18,1,45,283,202,54,1,0,1,0.0,0.0,0.0,0,0.0,0.34,0.0,5.06,31.84,22.72,6.08,0.11,0.0,0.11,2.48,4.5,1.58,2.02,0.11,0.0,0.04,0.04,0.01
240,410,Midfielder,Bundesliga,A. Stiller,VfB Stuttgart,32,2743,8,21.0,4,1,1.76,1.76,8.61,49,47,26,22,11,135,2425,2180,180,95,14,59,0.0,0.03,0.26,9,0.3,0.69,0.13,4.43,79.57,71.53,5.91,3.12,0.46,1.94,1.61,1.54,0.85,0.72,0.36,0.0,0.06,0.06,0.28
241,411,Midfielder,Bundesliga,F. Nmecha,Borussia Dortmund,26,1511,1,18.0,6,4,1.31,1.31,1.14,34,28,23,23,7,100,895,794,73,6,1,14,0.0,0.24,0.06,5,0.3,1.07,0.36,5.96,53.31,47.29,4.35,0.36,0.06,0.83,2.03,1.67,1.37,1.37,0.42,0.0,0.08,0.08,0.07
242,412,Midfielder,Bundesliga,P. Osterhage,SC Freiburg,31,2274,0,21.0,3,1,1.56,1.66,2.05,45,33,18,31,10,109,1000,854,54,20,3,16,0.0,0.04,0.0,1,0.04,0.83,0.12,4.31,39.58,33.8,2.14,0.79,0.12,0.63,1.78,1.31,0.71,1.23,0.4,0.0,0.06,0.07,0.08
243,413,Midfielder,Bundesliga,N. Tella,Bayer 04 Leverkusen,30,1368,4,28.0,11,2,3.09,3.09,1.63,16,10,4,12,10,78,311,251,11,25,2,18,0.0,0.13,0.26,6,0.39,1.84,0.72,5.13,20.46,16.51,0.72,1.64,0.13,1.18,1.05,0.66,0.26,0.79,0.66,0.0,0.2,0.2,0.11
244,414,Midfielder,Bundesliga,W. Jeong,1. FC Union Berlin,22,1203,2,25.0,6,3,2.76,2.76,1.87,10,9,11,13,11,48,423,336,11,34,2,14,0.0,0.22,0.15,5,0.37,1.87,0.45,3.59,31.65,25.14,0.82,2.54,0.15,1.05,0.75,0.67,0.82,0.97,0.82,0.0,0.21,0.21,0.14
245,415,Midfielder,Bundesliga,F. Rieder,FC Augsburg,32,876,3,20.0,7,1,1.38,1.38,2.42,17,6,10,4,5,41,349,264,27,39,3,12,0.0,0.1,0.31,4,0.41,2.05,0.72,4.21,35.86,27.12,2.77,4.01,0.31,1.23,1.75,0.62,1.03,0.41,0.51,0.0,0.14,0.14,0.25
246,416,Midfielder,Bundesliga,T. Krauß,1. FC Köln,14,1080,0,11.0,2,0,0.38,0.38,0.99,35,17,11,9,2,72,593,487,53,10,1,12,0.0,0.0,0.0,0,0.0,0.92,0.17,6.0,49.42,40.58,4.42,0.83,0.08,1.0,2.92,1.42,0.92,0.75,0.17,0.0,0.03,0.03,0.08
247,417,Midfielder,Bundesliga,P. Sander,Borussia M'gladbach,28,1407,0,18.0,8,1,1.18,1.18,0.95,33,43,23,33,5,83,722,597,61,22,1,13,0.0,0.06,0.0,1,0.06,1.15,0.51,5.31,46.18,38.19,3.9,1.41,0.06,0.83,2.11,2.75,1.47,2.11,0.32,0.0,0.08,0.08,0.06
248,418,Midfielder,Bundesliga,H. Hong,1. FSV Mainz 05,32,543,1,5.0,2,0,0.52,0.52,1.2,8,8,7,4,1,23,223,178,9,5,2,9,0.0,0.0,0.17,1,0.17,0.83,0.33,3.81,36.96,29.5,1.49,0.83,0.33,1.49,1.33,1.33,1.16,0.66,0.17,0.0,0.09,0.09,0.2
249,419,Midfielder,Bundesliga,N. N'Goumou,Borussia M'gladbach,20,848,1,24.0,13,2,1.86,1.87,1.25,17,13,4,9,6,47,234,182,3,22,1,6,0.0,0.21,0.11,3,0.32,2.55,1.38,4.99,24.83,19.32,0.32,2.33,0.11,0.64,1.8,1.38,0.42,0.96,0.64,0.0,0.2,0.2,0.13
250,420,Midfielder,Bundesliga,N. Seiwald,RB Leipzig,32,2081,0,5.0,0,0,0.22,0.22,2.67,53,70,31,24,3,83,1289,1095,105,46,6,21,0.0,0.0,0.0,0,0.0,0.22,0.0,3.59,55.75,47.36,4.54,1.99,0.26,0.91,2.29,3.03,1.34,1.04,0.13,0.0,0.01,0.01,0.12
251,421,Midfielder,Bundesliga,A. Prass,TSG Hoffenheim,27,1576,1,12.0,1,0,0.88,0.65,2.83,42,52,9,17,5,102,766,579,97,54,6,18,0.0,0.0,0.06,1,0.06,0.69,0.06,5.82,43.74,33.06,5.54,3.08,0.34,1.03,2.4,2.97,0.51,0.97,0.29,0.0,0.05,0.04,0.16
252,422,Midfielder,Bundesliga,M. Olise,FC Bayern München,34,2346,15,86.0,36,12,9.75,9.75,12.51,36,12,8,11,28,184,1407,1213,45,131,32,93,0.0,0.46,0.58,27,1.04,3.3,1.38,7.06,53.98,46.53,1.73,5.03,1.23,3.57,1.38,0.46,0.31,0.42,1.07,0.0,0.37,0.37,0.48
253,423,Midfielder,Bundesliga,P. Treu,SC Freiburg,33,2885,2,19.0,4,0,1.24,1.25,2.79,61,77,19,21,7,131,1170,971,104,60,4,22,0.0,0.0,0.06,2,0.06,0.59,0.12,4.09,36.5,30.29,3.24,1.87,0.12,0.69,1.9,2.4,0.59,0.66,0.22,0.0,0.04,0.04,0.09
254,424,Midfielder,Bundesliga,P. Wimmer,VfL Wolfsburg,29,1789,4,41.0,10,3,3.73,3.71,3.39,47,11,32,39,16,159,591,401,46,42,5,26,0.0,0.15,0.2,7,0.35,2.06,0.5,8.0,29.73,20.17,2.31,2.11,0.25,1.31,2.36,0.55,1.61,1.96,0.8,0.0,0.19,0.19,0.17
255,425,Midfielder,Bundesliga,G. Reyna,Borussia M'gladbach,26,363,0,3.0,2,2,0.17,0.17,0.68,7,9,0,7,1,21,190,158,9,15,2,2,0.0,0.5,0.0,2,0.5,0.74,0.5,5.21,47.11,39.17,2.23,3.72,0.5,0.5,1.74,2.23,0.0,1.74,0.25,0.0,0.04,0.04,0.17
256,426,Midfielder,Bundesliga,J. Leweling,VfB Stuttgart,27,1675,2,29.0,16,2,1.56,1.56,3.3,16,16,11,6,5,92,503,387,16,58,12,25,0.0,0.11,0.11,4,0.21,1.56,0.86,4.94,27.03,20.79,0.86,3.12,0.64,1.34,0.86,0.86,0.59,0.32,0.27,0.0,0.08,0.08,0.18
257,427,Midfielder,Bundesliga,C. Chukwuemeka,Borussia Dortmund,11,245,0,8.0,2,1,0.6,0.6,1.8,7,1,1,6,5,25,121,96,1,1,2,8,0.0,0.37,0.0,1,0.37,2.94,0.73,9.18,44.45,35.27,0.37,0.37,0.73,2.94,2.57,0.37,0.37,2.2,1.84,0.0,0.22,0.22,0.66
258,428,Midfielder,Bundesliga,A. Knauff,Eintracht Frankfurt,31,1609,5,30.0,12,4,4.88,4.88,4.51,41,23,12,19,7,114,486,333,28,32,7,28,0.0,0.22,0.28,9,0.5,1.68,0.67,6.38,27.18,18.63,1.57,1.79,0.39,1.57,2.29,1.29,0.67,1.06,0.39,0.0,0.27,0.27,0.25
259,429,Midfielder,Bundesliga,J. Musiala,FC Bayern München,25,1804,2,68.0,32,12,9.32,9.32,5.94,36,5,8,7,17,170,923,771,19,8,9,41,0.0,0.6,0.1,14,0.7,3.39,1.6,8.48,46.05,38.46,0.95,0.4,0.45,2.05,1.8,0.25,0.4,0.35,0.85,0.0,0.47,0.47,0.3
260,430,Midfielder,Bundesliga,K. Paredes,VfL Wolfsburg,5,125,1,4.0,0,0,0.37,0.37,0.08,3,0,1,1,1,8,46,37,3,1,0,2,0.0,0.0,0.72,1,0.72,2.88,0.0,5.76,33.12,26.64,2.16,0.72,0.0,1.44,2.16,0.0,0.72,0.72,0.72,0.0,0.27,0.27,0.06
261,431,Midfielder,Bundesliga,D. Svensson,Borussia Dortmund,12,785,3,6.0,2,1,0.76,0.76,1.3,15,24,5,6,0,29,405,334,27,36,3,10,0.0,0.11,0.34,4,0.46,0.69,0.23,3.32,46.43,38.29,3.1,4.13,0.34,1.15,1.72,2.75,0.57,0.69,0.0,0.0,0.09,0.09,0.15
262,432,Midfielder,Bundesliga,K. Sano,1. FSV Mainz 05,34,3045,0,20.0,2,0,0.89,0.9,1.97,61,53,65,85,9,209,1419,1148,124,11,1,19,0.0,0.0,0.0,0,0.0,0.59,0.06,6.18,41.94,33.93,3.67,0.33,0.03,0.56,1.8,1.57,1.92,2.51,0.27,0.0,0.03,0.03,0.06
263,433,Midfielder,Bundesliga,R. Reitz,Borussia M'gladbach,27,1840,1,23.0,7,2,1.72,1.71,2.19,52,56,53,18,8,125,848,675,93,22,5,17,0.0,0.1,0.05,3,0.15,1.12,0.34,6.11,41.48,33.02,4.55,1.08,0.24,0.83,2.54,2.74,2.59,0.88,0.39,0.0,0.08,0.08,0.11
264,434,Midfielder,Bundesliga,A. Nusa,RB Leipzig,25,1564,3,24.0,7,3,1.54,1.62,2.59,30,11,8,9,6,103,510,397,29,35,6,20,0.0,0.17,0.17,6,0.35,1.38,0.4,5.93,29.35,22.85,1.67,2.01,0.35,1.15,1.73,0.63,0.46,0.52,0.35,0.0,0.09,0.09,0.15
265,435,Midfielder,Bundesliga,M. Damar,TSG Hoffenheim,2,179,0,3.0,1,0,0.0,0.0,0.0,1,0,1,0,1,6,61,51,5,8,1,1,0.0,0.0,0.0,0,0.0,1.51,0.5,3.02,30.67,25.64,2.51,4.02,0.5,0.5,0.5,0.0,0.5,0.0,0.5,0.0,0.0,0.0,0.0
266,436,Midfielder,Bundesliga,T. Bischof,FC Bayern München,31,2567,2,51.0,18,5,2.2,2.24,4.82,95,52,30,14,18,171,1372,1148,117,145,8,51,0.0,0.18,0.07,7,0.25,1.79,0.63,6.0,48.1,40.25,4.1,5.08,0.28,1.79,3.33,1.82,1.05,0.49,0.63,0.0,0.08,0.08,0.17
267,437,Midfielder,Bundesliga,R. Wagner,SC Freiburg,14,419,0,2.0,0,0,0.11,0.11,0.08,8,11,2,5,2,19,127,98,13,2,0,0,0.0,0.0,0.0,0,0.0,0.43,0.0,4.08,27.28,21.05,2.79,0.43,0.0,0.0,1.72,2.36,0.43,1.07,0.43,0.0,0.02,0.02,0.02
268,438,Midfielder,Bundesliga,C. Campbell,TSG Hoffenheim,12,30,0,0.0,0,0,0.0,0.0,0.01,0,1,0,0,0,1,14,12,1,1,0,0,0.0,0.0,0.0,0,0.0,0.0,0.0,3.0,42.0,36.0,3.0,3.0,0.0,0.0,0.0,3.0,0.0,0.0,0.0,0.0,0.0,0.0,0.04
269,439,Midfielder,Bundesliga,H. Larsson,Eintracht Frankfurt,33,2403,1,21.0,10,3,3.09,3.09,1.87,47,33,30,13,6,77,1226,1073,97,8,2,21,0.0,0.11,0.04,4,0.15,0.79,0.37,2.88,45.92,40.19,3.63,0.3,0.07,0.79,1.76,1.24,1.12,0.49,0.22,0.0,0.12,0.12,0.07
270,440,Midfielder,Bundesliga,F. Krätzig,FC Bayern München,24,1460,2,11.0,4,1,0.63,0.63,1.81,37,17,18,4,4,58,575,466,60,45,2,33,0.0,0.06,0.12,3,0.18,0.68,0.25,3.58,35.45,28.73,3.7,2.77,0.12,2.03,2.28,1.05,1.11,0.25,0.25,0.0,0.04,0.04,0.11
271,441,Midfielder,Bundesliga,A. Pavlović,FC Bayern München,24,1456,0,9.0,4,1,0.56,0.56,1.94,38,14,5,12,3,64,1532,1433,77,5,0,7,0.0,0.06,0.0,1,0.06,0.56,0.25,3.96,94.7,88.58,4.76,0.31,0.0,0.43,2.35,0.87,0.31,0.74,0.19,0.0,0.03,0.03,0.12
272,442,Midfielder,Bundesliga,P. Wanner,FC Bayern München,35,1838,3,27.0,8,3,3.68,2.89,1.8,42,15,5,12,11,98,663,512,47,53,3,23,0.0,0.15,0.15,6,0.29,1.32,0.39,4.8,32.46,25.07,2.3,2.6,0.15,1.13,2.06,0.73,0.24,0.59,0.54,0.0,0.18,0.14,0.09
273,443,Midfielder,Bundesliga,J. Bahoya,Eintracht Frankfurt,28,927,3,10.0,3,2,1.86,1.86,2.29,29,9,4,14,6,66,313,245,12,31,5,18,0.0,0.19,0.29,5,0.49,0.97,0.29,6.41,30.39,23.79,1.17,3.01,0.49,1.75,2.82,0.87,0.39,1.36,0.58,0.0,0.18,0.18,0.22
274,444,Midfielder,Bundesliga,J. Cabrera,SpVgg Greuther Fürth,3,0,0,0.0,0,0,0.0,0.0,0.0,0,0,0,0,0,0,0,0,0,0,0,0,0.0,0.0,0.0,0,0.0,0.0,0.0,0.0,0.0,0.0,0.0,0.0,0.0,0.0,0.0,0.0,0.0,0.0,0.0,0.0,0.0,0.0,0.0
275,445,Midfielder,Bundesliga,O. Højlund,Eintracht Frankfurt,23,714,0,6.0,2,1,0.96,0.96,0.32,21,11,5,7,3,39,407,359,19,1,2,6,0.0,0.13,0.0,1,0.13,0.76,0.25,4.92,51.3,45.25,2.39,0.13,0.25,0.76,2.65,1.39,0.63,0.88,0.38,0.0,0.12,0.12,0.04
276,446,Midfielder,Bundesliga,A. Vermeeren,RB Leipzig,32,1585,2,4.0,1,0,0.38,0.38,1.31,32,22,23,8,1,47,947,819,44,3,0,12,0.0,0.0,0.11,2,0.11,0.23,0.06,2.67,53.77,46.5,2.5,0.17,0.0,0.68,1.82,1.25,1.31,0.45,0.06,0.0,0.02,0.02,0.07
277,447,Midfielder,Bundesliga,F. Micheler,Arminia Bielefeld,4,31,0,0.0,0,0,0.0,0.0,0.01,0,0,0,0,0,1,12,11,0,0,0,0,0.0,0.0,0.0,0,0.0,0.0,0.0,2.9,34.84,31.94,0.0,0.0,0.0,0.0,0.0,0.0,0.0,0.0,0.0,0.0,0.0,0.0,0.03
278,448,Midfielder,Bundesliga,F. Chaïbi,Eintracht Frankfurt,30,1019,3,25.0,6,1,2.59,2.59,2.92,13,28,10,17,7,43,378,281,35,72,4,26,0.0,0.09,0.26,4,0.35,2.21,0.53,3.8,33.39,24.82,3.09,6.36,0.35,2.3,1.15,2.47,0.88,1.5,0.62,0.0,0.23,0.23,0.26
279,449,Midfielder,Bundesliga,M. Pannewig,VfL Bochum 1848,27,290,0,9.0,3,0,0.81,0.81,0.06,10,8,2,5,2,17,117,91,8,3,0,1,0.0,0.0,0.0,0,0.0,2.79,0.93,5.28,36.31,28.24,2.48,0.93,0.0,0.31,3.1,2.48,0.62,1.55,0.62,0.0,0.25,0.25,0.02
280,450,Midfielder,Bundesliga,A. Kemlein,1. FC Union Berlin,18,902,0,11.0,3,1,0.94,0.94,0.66,10,14,6,20,1,36,440,332,56,5,1,10,0.0,0.1,0.0,1,0.1,1.1,0.3,3.59,43.9,33.13,5.59,0.5,0.1,1.0,1.0,1.4,0.6,2.0,0.1,0.0,0.09,0.09,0.07
281,451,Midfielder,Bundesliga,T. Rothe,1. FC Union Berlin,29,1592,3,21.0,8,3,1.67,1.72,1.44,45,48,18,42,5,103,552,386,57,41,2,12,0.0,0.17,0.17,6,0.34,1.19,0.45,5.82,31.21,21.82,3.22,2.32,0.11,0.68,2.54,2.71,1.02,2.37,0.28,0.0,0.09,0.1,0.08
282,452,Midfielder,Bundesliga,M. Kücüksahin,FC Augsburg,2,0,0,0.0,0,0,0.0,0.0,0.0,0,0,0,0,0,0,0,0,0,0,0,0,0.0,0.0,0.0,0,0.0,0.0,0.0,0.0,0.0,0.0,0.0,0.0,0.0,0.0,0.0,0.0,0.0,0.0,0.0,0.0,0.0,0.0,0.0
283,453,Midfielder,Bundesliga,M. Kömür,FC Augsburg,29,646,1,13.0,7,2,1.14,1.14,1.32,3,4,3,12,3,38,192,146,8,26,2,13,0.0,0.28,0.14,3,0.42,1.81,0.98,5.29,26.75,20.34,1.11,3.62,0.28,1.81,0.42,0.56,0.42,1.67,0.42,0.0,0.16,0.16,0.18
284,454,Midfielder,Bundesliga,F. Onyeka,VfL Bochum 1848,10,0,0,0.0,0,0,0.0,0.0,0.0,0,0,0,0,0,0,0,0,0,0,0,0,0.0,0.0,0.0,0,0.0,0.0,0.0,0.0,0.0,0.0,0.0,0.0,0.0,0.0,0.0,0.0,0.0,0.0,0.0,0.0,0.0,0.0,0.0
285,455,Midfielder,Bundesliga,A. Ouédraogo,RB Leipzig,5,47,0,1.0,0,0,0.06,0.06,0.01,0,0,0,0,1,3,18,15,1,1,0,0,0.0,0.0,0.0,0,0.0,1.91,0.0,5.74,34.47,28.72,1.91,1.91,0.0,0.0,0.0,0.0,0.0,0.0,1.91,0.0,0.12,0.12,0.03
286,456,Midfielder,Bundesliga,B. Dárdai,VfL Wolfsburg,34,1312,1,11.0,1,1,1.04,1.06,0.97,24,26,12,11,5,53,431,352,35,10,2,11,0.0,0.07,0.07,2,0.14,0.75,0.07,3.64,29.57,24.15,2.4,0.69,0.14,0.75,1.65,1.78,0.82,0.75,0.34,0.0,0.07,0.07,0.07
287,457,Midfielder,Bundesliga,L. Djuric,TSG Hoffenheim,1,0,0,0.0,0,0,0.0,0.0,0.0,0,0,0,0,0,0,0,0,0,0,0,0,0.0,0.0,0.0,0,0.0,0.0,0.0,0.0,0.0,0.0,0.0,0.0,0.0,0.0,0.0,0.0,0.0,0.0,0.0,0.0,0.0,0.0,0.0
288,458,Midfielder,Bundesliga,T. Gomis,RB Leipzig,13,153,1,5.0,1,0,0.25,0.25,0.59,0,0,1,1,2,8,48,41,1,4,2,3,0.0,0.0,0.59,1,0.59,2.94,0.59,4.71,28.24,24.12,0.59,2.35,1.18,1.76,0.0,0.0,0.59,0.59,1.18,0.0,0.15,0.15,0.35
289,459,Midfielder,Bundesliga,K. Wätjen,VfL Bochum 1848,11,14,0,0.0,0,0,0.0,0.0,0.0,0,2,0,0,0,1,8,3,0,0,0,0,0.0,0.0,0.0,0,0.0,0.0,0.0,6.43,51.43,19.29,0.0,0.0,0.0,0.0,0.0,12.86,0.0,0.0,0.0,0.0,0.0,0.0,0.0
290,460,Midfielder,Bundesliga,C. Uzun,Eintracht Frankfurt,33,675,1,27.0,11,4,3.0,3.0,1.14,10,3,1,5,4,42,281,233,13,18,1,14,0.0,0.53,0.13,5,0.67,3.6,1.47,5.6,37.47,31.07,1.73,2.4,0.13,1.87,1.33,0.4,0.13,0.67,0.53,0.0,0.4,0.4,0.15
291,461,Midfielder,Bundesliga,J. Manzambi,SC Freiburg,20,339,1,11.0,3,2,1.31,1.32,0.56,8,6,4,9,3,30,137,107,9,5,0,3,0.0,0.53,0.27,3,0.8,2.92,0.8,7.96,36.37,28.41,2.39,1.33,0.0,0.8,2.12,1.59,1.06,2.39,0.8,0.0,0.35,0.35,0.15
292,462,Midfielder,Bundesliga,D. Gleiber,1. FSV Mainz 05,9,0,0,0.0,0,0,0.0,0.0,0.0,0,0,0,0,0,0,0,0,0,0,0,0,0.0,0.0,0.0,0,0.0,0.0,0.0,0.0,0.0,0.0,0.0,0.0,0.0,0.0,0.0,0.0,0.0,0.0,0.0,0.0,0.0,0.0,0.0
293,463,Midfielder,Bundesliga,B. Touré,TSG Hoffenheim,14,618,3,19.0,5,0,1.37,1.4,1.82,12,0,3,12,5,39,158,114,8,24,2,13,0.0,0.0,0.44,3,0.44,2.77,0.73,5.68,23.01,16.6,1.17,3.5,0.29,1.89,1.75,0.0,0.44,1.75,0.73,0.0,0.2,0.2,0.27
294,464,Midfielder,Bundesliga,N. Swider,Borussia M'gladbach,4,0,0,0.0,0,0,0.0,0.0,0.0,0,0,0,0,0,0,0,0,0,0,0,0,0.0,0.0,0.0,0,0.0,0.0,0.0,0.0,0.0,0.0,0.0,0.0,0.0,0.0,0.0,0.0,0.0,0.0,0.0,0.0,0.0,0.0,0.0
295,465,Midfielder,Bundesliga,L. Karl,FC Bayern München,3,0,0,0.0,0,0,0.0,0.0,0.0,0,0,0,0,0,0,0,0,0,0,0,0,0.0,0.0,0.0,0,0.0,0.0,0.0,0.0,0.0,0.0,0.0,0.0,0.0,0.0,0.0,0.0,0.0,0.0,0.0,0.0,0.0,0.0,0.0
